event_id,frame_index,risk_score,reasons,track_ids
1,4860,0.7,interior_track_birth,1
2,4865,0.792608,ambiguous_assignment|close_encounter|interior_track_birth,1|2
3,4866,0.739841,ambiguous_assignment|missing_detection,1|2
4,4867,0.761675,ambiguous_assignment|missing_detection,1|2
5,4868,0.756835,ambiguous_assignment|missing_detection,1|2
6,4869,0.836711,ambiguous_assignment|close_encounter,1|2
7,4870,0.930046,ambiguous_assignment|missing_detection,1|2
8,4871,0.909031,ambiguous_assignment|missing_detection,1|2
9,4872,0.83925,ambiguous_assignment|missing_detection,1|2
10,4873,0.824109,ambiguous_assignment|close_encounter,1|2
11,4874,0.794476,ambiguous_assignment|close_encounter,1|2
12,4875,0.793618,ambiguous_assignment|close_encounter,1|2
13,4876,0.793803,ambiguous_assignment|close_encounter,1|2
14,4877,0.793837,ambiguous_assignment|close_encounter,1|2
15,4878,0.793532,ambiguous_assignment|close_encounter,1|2
16,4879,0.793365,ambiguous_assignment|close_encounter,1|2
17,4880,0.793424,ambiguous_assignment|close_encounter,1|2
18,4881,0.793971,ambiguous_assignment|close_encounter,1|2
19,4882,0.79346,ambiguous_assignment|close_encounter,1|2
20,4883,0.832345,ambiguous_assignment|missing_detection,1|2
21,4884,0.825911,ambiguous_assignment|close_encounter,1|2
22,4885,0.795604,ambiguous_assignment|close_encounter,1|2
23,4886,0.800904,ambiguous_assignment|missing_detection,1|2
24,4887,0.808032,ambiguous_assignment|missing_detection,1|2
25,4888,0.801526,ambiguous_assignment|missing_detection,1|2
26,4889,0.81165,ambiguous_assignment|missing_detection,1|2
27,4890,0.80144,ambiguous_assignment|missing_detection,1|2
28,4891,0.95,ambiguous_assignment|close_encounter,1|2
29,4892,0.791135,ambiguous_assignment|close_encounter,1|2
30,4893,0.907325,ambiguous_assignment|missing_detection,1|2
31,4894,0.885816,ambiguous_assignment|missing_detection,1|2
32,4895,0.834912,ambiguous_assignment|missing_detection,1|2
33,4896,0.820645,ambiguous_assignment|missing_detection,1|2
34,4897,0.819788,ambiguous_assignment|missing_detection,1|2
35,4898,0.823035,ambiguous_assignment|interior_track_end,1|2
36,4899,0.793109,ambiguous_assignment|close_encounter|interior_track_birth,2|3|4
37,4900,0.793046,ambiguous_assignment|close_encounter,2|3|4
38,4901,0.793116,ambiguous_assignment|close_encounter,2|3|4
39,4902,0.782671,ambiguous_assignment|close_encounter|missing_detection,2|3|4
40,4903,0.764802,ambiguous_assignment|missing_detection,2|3|4
41,4904,0.754702,ambiguous_assignment|missing_detection,2|3|4
42,4905,0.804844,ambiguous_assignment|missing_detection,2|3|4
43,4906,0.817003,ambiguous_assignment|missing_detection,2|3|4
44,4907,0.821379,ambiguous_assignment|interior_track_end|missing_detection,2|3|4
45,4908,0.808503,ambiguous_assignment|interior_track_end,2|3
46,4911,0.782402,ambiguous_assignment|close_encounter|interior_track_birth,2|5
47,4912,0.782346,ambiguous_assignment|close_encounter,2|5
48,4913,0.692513,ambiguous_assignment|missing_detection,2|5
49,4914,0.79737,ambiguous_assignment|close_encounter|interior_track_birth,2|5|6
50,4915,0.87995,ambiguous_assignment|close_encounter|missing_detection,2|5|6
51,4916,0.921613,ambiguous_assignment|missing_detection,2|5|6
52,4917,0.904963,ambiguous_assignment|close_encounter,2|5|6
53,4918,0.836093,ambiguous_assignment|close_encounter,2|5|6
54,4919,0.95,ambiguous_assignment|close_encounter,2|5|6
55,4920,0.95,ambiguous_assignment|close_encounter,2|5|6
56,4921,0.784437,ambiguous_assignment|close_encounter|missing_detection,2|5|6
57,4922,0.95,ambiguous_assignment|close_encounter,2|5|6
58,4923,0.719488,ambiguous_assignment|missing_detection,2|5|6
59,4924,0.734602,ambiguous_assignment|missing_detection,2|5|6
60,4925,0.783342,ambiguous_assignment|close_encounter|missing_detection,2|5|6
61,4926,0.785943,ambiguous_assignment|close_encounter|missing_detection,2|5|6
62,4927,0.95,ambiguous_assignment|close_encounter|missing_detection,2|5|6
63,4928,0.95,ambiguous_assignment|close_encounter|interior_track_end,2|5|6
64,4929,0.929449,ambiguous_assignment|close_encounter|interior_track_birth,2|5|7
65,4930,0.8721,ambiguous_assignment|close_encounter|missing_detection,2|5|7
66,4931,0.919661,ambiguous_assignment|close_encounter|missing_detection,2|5|7
67,4932,0.95,ambiguous_assignment|close_encounter,2|5|7
68,4933,0.95,ambiguous_assignment|close_encounter,2|5|7
69,4934,0.832304,ambiguous_assignment|close_encounter,2|5|7
70,4935,0.95,ambiguous_assignment|close_encounter|interior_track_birth,2|5|7|8
71,4936,0.917083,ambiguous_assignment|close_encounter|missing_detection,2|5|7|8
72,4937,0.795587,ambiguous_assignment|close_encounter|missing_detection,2|5|7|8
73,4938,0.95,ambiguous_assignment|close_encounter,2|5|7|8
74,4939,0.787311,ambiguous_assignment|close_encounter|missing_detection,2|5|7|8
75,4940,0.805544,ambiguous_assignment|close_encounter|missing_detection,2|5|7|8
76,4941,0.795323,ambiguous_assignment|close_encounter|missing_detection,2|5|7|8
77,4942,0.82332,ambiguous_assignment|close_encounter|missing_detection,2|5|7|8
78,4943,0.986962,ambiguous_assignment|close_encounter|interior_track_birth|large_motion_jump,2|5|7|8|9
79,4944,0.95,ambiguous_assignment|close_encounter|large_motion_jump,2|5|7|8|9
80,4945,0.843342,ambiguous_assignment|close_encounter|missing_detection,2|5|7|8|9
81,4946,0.796564,ambiguous_assignment|close_encounter,2|5|7|8|9
82,4947,0.811397,ambiguous_assignment|close_encounter|missing_detection,2|5|7|8|9
83,4948,0.871297,ambiguous_assignment|close_encounter,2|5|7|8|9
84,4949,0.844645,ambiguous_assignment|close_encounter,2|5|7|8|9
85,4950,0.832081,ambiguous_assignment|close_encounter|missing_detection,2|5|7|8|9
86,4951,0.813556,ambiguous_assignment|close_encounter|missing_detection,2|5|7|8|9
87,4952,0.808073,ambiguous_assignment|close_encounter|missing_detection,2|5|7|8|9
88,4953,0.808057,ambiguous_assignment|close_encounter|missing_detection,2|5|7|8|9
89,4954,0.802692,ambiguous_assignment|close_encounter|missing_detection,2|5|7|8|9
90,4955,0.827279,ambiguous_assignment|close_encounter|interior_track_end,2|5|7|8|9
91,4956,0.795655,ambiguous_assignment|close_encounter,2|5|8|9
92,4957,0.795813,ambiguous_assignment|close_encounter,2|5|8|9
93,4958,0.79573,ambiguous_assignment|close_encounter,2|5|8|9
94,4959,0.95,ambiguous_assignment|close_encounter|missing_detection,2|5|8|9
95,4960,0.95,ambiguous_assignment|close_encounter,2|5|8|9
96,4961,0.843017,ambiguous_assignment|close_encounter,2|5|8|9
97,4962,0.825098,ambiguous_assignment|close_encounter|missing_detection,2|5|8|9
98,4963,0.820041,ambiguous_assignment|close_encounter|interior_track_birth,2|5|8|9|10
99,4964,0.817769,ambiguous_assignment|close_encounter|missing_detection,2|5|8|9|10
100,4965,0.799319,ambiguous_assignment|close_encounter,2|5|8|9|10
101,4966,0.797141,ambiguous_assignment|close_encounter,2|5|8|9|10
102,4967,0.810079,ambiguous_assignment|close_encounter,2|5|8|9|10
103,4968,0.817427,ambiguous_assignment|close_encounter,2|5|8|9|10
104,4969,0.890595,ambiguous_assignment|close_encounter,2|5|8|9|10
105,4970,0.883121,ambiguous_assignment|close_encounter,2|5|8|9|10
106,4971,0.814619,ambiguous_assignment|close_encounter,2|5|8|9|10
107,4972,0.817299,ambiguous_assignment|close_encounter,2|5|8|9|10
108,4973,0.812843,ambiguous_assignment|close_encounter,2|5|8|9|10
109,4974,0.800249,ambiguous_assignment|close_encounter,2|5|8|9|10
110,4975,0.846024,ambiguous_assignment|close_encounter|missing_detection,2|5|8|9|10
111,4976,0.79705,ambiguous_assignment|close_encounter|missing_detection,2|5|8|9|10
112,4977,0.827344,ambiguous_assignment|close_encounter|missing_detection,2|5|8|9|10
113,4978,0.822443,ambiguous_assignment|close_encounter|missing_detection,2|5|8|9|10
114,4979,0.846599,ambiguous_assignment|close_encounter|missing_detection,2|5|8|9|10
115,4980,0.842053,ambiguous_assignment|close_encounter|interior_track_end|missing_detection,2|5|8|9|10
116,4981,0.813351,ambiguous_assignment|close_encounter|missing_detection,2|5|8|9
117,4982,0.814788,ambiguous_assignment|close_encounter|missing_detection,2|5|8|9
118,4983,0.95,ambiguous_assignment|close_encounter,2|5|8|9
119,4984,0.95,ambiguous_assignment|close_encounter|interior_track_birth,2|5|8|9|11
120,4985,0.818553,ambiguous_assignment|close_encounter,2|5|8|9|11
121,4986,0.837198,ambiguous_assignment|close_encounter,2|5|8|9|11
122,4987,0.796404,ambiguous_assignment|close_encounter|missing_detection,2|5|8|9|11
123,4988,0.842924,ambiguous_assignment|close_encounter,2|5|8|9|11
124,4989,0.813969,ambiguous_assignment|close_encounter|missing_detection,2|5|8|9|11
125,4990,0.850781,ambiguous_assignment|close_encounter|missing_detection,2|5|8|9|11
126,4991,0.8818,ambiguous_assignment|close_encounter|missing_detection,2|5|8|9|11
127,4992,0.917778,ambiguous_assignment|close_encounter,2|5|8|9|11
128,4993,0.878839,ambiguous_assignment|close_encounter,2|5|8|9|11
129,4994,0.801413,ambiguous_assignment|close_encounter,2|5|8|9|11
130,4995,0.800187,ambiguous_assignment|close_encounter,2|5|8|9|11
131,4996,0.819378,ambiguous_assignment|close_encounter,2|5|8|9|11
132,4997,0.811151,ambiguous_assignment|close_encounter,2|5|8|9|11
133,4998,0.810568,ambiguous_assignment|close_encounter,2|5|8|9|11
134,4999,0.844067,ambiguous_assignment|close_encounter,2|5|8|9|11
135,5000,0.804724,ambiguous_assignment|close_encounter,2|5|8|9|11
136,5001,0.801646,ambiguous_assignment|close_encounter|missing_detection,2|5|8|9|11
137,5002,0.805027,ambiguous_assignment|close_encounter|missing_detection,2|5|8|9|11
138,5003,0.871439,ambiguous_assignment|close_encounter|missing_detection,2|5|8|9|11
139,5004,0.827694,ambiguous_assignment|close_encounter|missing_detection,2|5|8|9|11
140,5005,0.876879,ambiguous_assignment|close_encounter|missing_detection,2|5|8|9|11
141,5006,0.825191,ambiguous_assignment|close_encounter|interior_track_end|missing_detection,2|5|8|9|11
142,5007,0.8,ambiguous_assignment|close_encounter|missing_detection,2|5|8|9
143,5008,0.95,ambiguous_assignment|close_encounter,2|5|8|9
144,5009,0.95,ambiguous_assignment|close_encounter,2|5|8|9
145,5010,0.814955,ambiguous_assignment|close_encounter|missing_detection,2|5|8|9
146,5011,0.806548,ambiguous_assignment|close_encounter|interior_track_birth,2|5|8|9|12
147,5012,0.797445,ambiguous_assignment|close_encounter|missing_detection,2|5|8|9|12
148,5013,0.79913,ambiguous_assignment|close_encounter,2|5|8|9|12
149,5014,0.800507,ambiguous_assignment|close_encounter|missing_detection,2|5|8|9|12
150,5015,0.895009,ambiguous_assignment|close_encounter|missing_detection,2|5|8|9|12
151,5016,0.843548,ambiguous_assignment|close_encounter|missing_detection,2|5|8|9|12
152,5017,0.887754,ambiguous_assignment|close_encounter|missing_detection,2|5|8|9|12
153,5018,0.899211,ambiguous_assignment|close_encounter|missing_detection,2|5|8|9|12
154,5019,0.881575,ambiguous_assignment|close_encounter|interior_track_end|missing_detection,2|5|8|9|12
155,5020,0.861061,ambiguous_assignment|missing_detection,2|5|8|9
156,5021,0.888969,ambiguous_assignment|missing_detection,2|5|8|9
157,5022,0.896806,ambiguous_assignment|missing_detection,2|5|8|9
158,5023,0.901402,ambiguous_assignment|missing_detection,2|5|8|9
159,5024,0.8,ambiguous_assignment|interior_track_end|missing_detection,2|5|8|9
160,5025,0.8,ambiguous_assignment|interior_track_end,2|8|9
161,5026,0.799064,close_encounter|interior_track_birth,2
162,5028,0.95,ambiguous_assignment|close_encounter|missing_detection,2
163,5030,0.885378,ambiguous_assignment|close_encounter|missing_detection,2
164,5031,0.8,ambiguous_assignment|missing_detection,2
165,5032,0.8,ambiguous_assignment|interior_track_end|missing_detection,2
166,5051,0.802751,ambiguous_assignment|close_encounter|interior_track_birth,2|16
167,5052,0.877283,ambiguous_assignment|close_encounter,2|16
168,5053,0.78193,ambiguous_assignment|missing_detection,2|16
169,5054,0.822778,ambiguous_assignment|close_encounter,2|16
170,5055,0.835849,ambiguous_assignment|missing_detection,2|16
171,5056,0.835354,ambiguous_assignment|close_encounter,2|16
172,5057,0.823911,ambiguous_assignment|close_encounter,2|16
173,5058,0.792185,ambiguous_assignment|close_encounter,2|16
174,5059,0.789384,ambiguous_assignment|missing_detection,2|16
175,5060,0.826625,ambiguous_assignment|missing_detection,2|16
176,5061,0.811715,ambiguous_assignment|close_encounter,2|16
177,5062,0.79894,ambiguous_assignment|close_encounter,2|16
178,5063,0.791541,ambiguous_assignment|missing_detection,2|16
179,5064,0.785793,ambiguous_assignment|missing_detection,2|16
180,5065,0.785597,ambiguous_assignment|missing_detection,2|16
181,5066,0.782547,ambiguous_assignment|missing_detection,2|16
182,5067,0.811325,ambiguous_assignment|missing_detection,2|16
183,5068,0.816412,ambiguous_assignment|interior_track_end,2|16
184,5072,0.795261,ambiguous_assignment|close_encounter|interior_track_birth,2
185,5073,0.795167,ambiguous_assignment|close_encounter,2
186,5074,0.753309,ambiguous_assignment|missing_detection,2
187,5075,0.807133,ambiguous_assignment|missing_detection,2
188,5076,0.818396,ambiguous_assignment|missing_detection,2
189,5077,0.78521,ambiguous_assignment|missing_detection,2
190,5078,0.8,ambiguous_assignment|missing_detection,2
191,5079,0.806552,ambiguous_assignment|interior_track_end,2
192,5080,0.84488,ambiguous_assignment|close_encounter|interior_track_birth,2|18
193,5081,0.795299,ambiguous_assignment|close_encounter,2|18
194,5082,0.79509,ambiguous_assignment|close_encounter,2|18
195,5083,0.795164,ambiguous_assignment|close_encounter,2|18
196,5084,0.79569,ambiguous_assignment|close_encounter,2|18
197,5085,0.795346,ambiguous_assignment|close_encounter,2|18
198,5086,0.79564,ambiguous_assignment|close_encounter,2|18
199,5087,0.884467,ambiguous_assignment|missing_detection,2|18
200,5088,0.888868,ambiguous_assignment|missing_detection,2|18
201,5089,0.829619,ambiguous_assignment|missing_detection,2|18
202,5090,0.825448,ambiguous_assignment|missing_detection,2|18
203,5091,0.927574,ambiguous_assignment|missing_detection,2|18
204,5092,0.895947,ambiguous_assignment|interior_track_end,2|18
205,5104,0.894551,ambiguous_assignment|close_encounter|interior_track_birth,2|19
206,5105,0.865811,ambiguous_assignment|close_encounter,2|19
207,5106,0.90592,ambiguous_assignment|missing_detection,2|19
208,5107,0.897641,ambiguous_assignment|close_encounter,2|19
209,5108,0.836258,ambiguous_assignment|close_encounter,2|19
210,5109,0.813371,ambiguous_assignment|close_encounter,2|19
211,5110,0.815604,ambiguous_assignment|close_encounter,2|19
212,5111,0.824414,ambiguous_assignment|missing_detection,2|19
213,5112,0.881805,ambiguous_assignment|missing_detection,2|19
214,5113,0.820508,ambiguous_assignment|missing_detection,2|19
215,5114,0.785312,ambiguous_assignment|missing_detection,2|19
216,5115,0.8,ambiguous_assignment|missing_detection,2|19
217,5116,0.8,interior_track_end|missing_detection,2|19
218,5118,0.62,missing_detection,2
219,5125,0.62,missing_detection,2
220,5126,0.71,missing_detection,2
221,5127,0.8,missing_detection,2
222,5131,0.62,missing_detection,2
223,5132,0.71,missing_detection,2
224,5133,0.8,missing_detection,2
225,5134,0.8,interior_track_end,2
226,5135,0.7,interior_track_birth,20
227,5137,0.835361,ambiguous_assignment|close_encounter|interior_track_birth,20|21
228,5138,0.828166,ambiguous_assignment|missing_detection,20|21
229,5139,0.923694,ambiguous_assignment|close_encounter,20|21
230,5140,0.95,ambiguous_assignment|close_encounter|interior_track_birth,20|21|22
231,5141,0.850423,ambiguous_assignment|missing_detection,20|21|22
232,5142,0.95,ambiguous_assignment|close_encounter|missing_detection,20|21|22
233,5143,0.95,ambiguous_assignment|close_encounter|missing_detection,20|21|22
234,5144,0.824519,ambiguous_assignment|close_encounter|missing_detection,20|21|22
235,5145,0.8,ambiguous_assignment|close_encounter|missing_detection,20|21|22
236,5146,0.889063,ambiguous_assignment|close_encounter|interior_track_end,20|21|22
237,5147,0.930026,ambiguous_assignment|close_encounter,20|22
238,5148,0.881266,ambiguous_assignment|close_encounter,20|22
239,5149,0.91589,ambiguous_assignment|close_encounter,20|22
240,5150,0.849007,ambiguous_assignment|close_encounter,20|22
241,5151,0.903292,ambiguous_assignment|close_encounter,20|22
242,5152,0.945064,ambiguous_assignment|close_encounter|interior_track_birth,20|22|23
243,5153,0.872529,ambiguous_assignment|close_encounter,20|22|23
244,5154,0.856465,ambiguous_assignment|close_encounter,20|22|23
245,5155,0.924125,ambiguous_assignment|close_encounter|missing_detection,20|22|23
246,5156,0.900328,ambiguous_assignment|close_encounter|missing_detection,20|22|23
247,5157,0.831023,ambiguous_assignment|close_encounter|missing_detection,20|22|23
248,5158,0.817007,ambiguous_assignment|missing_detection,20|22|23
249,5159,0.889231,ambiguous_assignment|close_encounter|missing_detection,20|22|23
250,5160,0.824735,ambiguous_assignment|close_encounter|interior_track_end,20|22|23
251,5161,0.900118,ambiguous_assignment|close_encounter,20|23
252,5162,0.929321,ambiguous_assignment|close_encounter,20|23
253,5163,0.839827,ambiguous_assignment|close_encounter,20|23
254,5164,0.812773,ambiguous_assignment|close_encounter,20|23
255,5165,0.796565,ambiguous_assignment|close_encounter|interior_track_birth,20|23|24
256,5166,0.940844,ambiguous_assignment|close_encounter|missing_detection,20|23|24
257,5167,0.95,ambiguous_assignment|close_encounter,20|23|24
258,5168,0.850739,ambiguous_assignment|close_encounter,20|23|24
259,5169,0.797209,ambiguous_assignment|close_encounter|missing_detection,20|23|24
260,5170,0.810271,ambiguous_assignment|close_encounter,20|23|24
261,5171,0.937978,ambiguous_assignment|close_encounter|missing_detection,20|23|24
262,5172,0.910765,ambiguous_assignment|close_encounter|missing_detection,20|23|24
263,5173,0.926211,ambiguous_assignment|close_encounter,20|23|24
264,5174,0.82126,ambiguous_assignment|close_encounter|missing_detection,20|23|24
265,5175,0.844192,ambiguous_assignment|close_encounter,20|23|24
266,5176,0.855089,ambiguous_assignment|close_encounter,20|23|24
267,5177,0.835545,ambiguous_assignment|close_encounter,20|23|24
268,5178,0.796703,ambiguous_assignment|close_encounter,20|23|24
269,5179,0.939606,ambiguous_assignment|close_encounter|interior_track_birth,20|23|24|25
270,5180,0.925776,ambiguous_assignment|close_encounter|missing_detection,20|23|24|25
271,5181,0.873931,ambiguous_assignment|close_encounter|missing_detection,20|23|24|25
272,5182,0.924236,ambiguous_assignment|close_encounter,20|23|24|25
273,5183,0.915595,ambiguous_assignment|close_encounter|missing_detection,20|23|24|25
274,5184,0.850373,ambiguous_assignment|close_encounter|missing_detection,20|23|24|25
275,5185,0.945033,ambiguous_assignment|close_encounter|missing_detection,20|23|24|25
276,5186,0.863145,ambiguous_assignment|close_encounter|missing_detection,20|23|24|25
277,5187,0.95,ambiguous_assignment|close_encounter,20|23|24|25
278,5188,0.928731,ambiguous_assignment|close_encounter|missing_detection,20|23|24|25
279,5189,0.94473,ambiguous_assignment|close_encounter|missing_detection,20|23|24|25
280,5190,0.95,ambiguous_assignment|close_encounter,20|23|24|25
281,5191,0.932575,ambiguous_assignment|close_encounter|missing_detection,20|23|24|25
282,5192,0.866883,ambiguous_assignment|close_encounter|missing_detection,20|23|24|25
283,5193,0.817977,ambiguous_assignment|close_encounter|missing_detection,20|23|24|25
284,5194,0.814622,ambiguous_assignment|close_encounter|missing_detection,20|23|24|25
285,5195,0.818543,ambiguous_assignment|close_encounter|missing_detection,20|23|24|25
286,5196,0.95,ambiguous_assignment|close_encounter|interior_track_end,20|23|24|25
287,5197,0.95,ambiguous_assignment|close_encounter|missing_detection,20|23|25
288,5198,0.95,ambiguous_assignment|close_encounter,20|23|25
289,5199,0.95,ambiguous_assignment|close_encounter,20|23|25
290,5200,0.873774,ambiguous_assignment|close_encounter|missing_detection,20|23|25
291,5201,0.928126,ambiguous_assignment|close_encounter|missing_detection,20|23|25
292,5202,0.942406,ambiguous_assignment|close_encounter|missing_detection,20|23|25
293,5203,0.906621,ambiguous_assignment|close_encounter|missing_detection,20|23|25
294,5204,0.838931,ambiguous_assignment|close_encounter|missing_detection,20|23|25
295,5205,0.796898,ambiguous_assignment|close_encounter|missing_detection,20|23|25
296,5206,0.797215,ambiguous_assignment|close_encounter|missing_detection,20|23|25
297,5207,0.806173,ambiguous_assignment|close_encounter|missing_detection,20|23|25
298,5208,0.8,ambiguous_assignment|close_encounter|interior_track_end,20|23|25
299,5209,0.797153,ambiguous_assignment|close_encounter,23|25
300,5210,0.806791,ambiguous_assignment|close_encounter,23|25
301,5211,0.94751,ambiguous_assignment|close_encounter|interior_track_birth,23|25|26
302,5212,0.931489,ambiguous_assignment|close_encounter|missing_detection,23|25|26
303,5213,0.94455,ambiguous_assignment|close_encounter|missing_detection,23|25|26
304,5214,0.904275,ambiguous_assignment|close_encounter|missing_detection,23|25|26
305,5215,0.863463,ambiguous_assignment|close_encounter|missing_detection,23|25|26
306,5216,0.912295,ambiguous_assignment|close_encounter|missing_detection,23|25|26
307,5217,0.901966,ambiguous_assignment|close_encounter|missing_detection,23|25|26
308,5218,0.889468,ambiguous_assignment|close_encounter|interior_track_end,23|25|26
309,5219,0.821896,ambiguous_assignment|close_encounter,25|26
310,5220,0.83491,ambiguous_assignment|missing_detection,25|26
311,5221,0.83286,ambiguous_assignment|missing_detection,25|26
312,5222,0.864306,ambiguous_assignment|missing_detection,25|26
313,5223,0.867549,ambiguous_assignment|missing_detection,25|26
314,5224,0.845573,ambiguous_assignment|missing_detection,25|26
315,5225,0.874401,ambiguous_assignment|close_encounter,25|26
316,5226,0.824616,ambiguous_assignment|close_encounter,25|26
317,5227,0.814882,ambiguous_assignment|close_encounter,25|26
318,5228,0.819324,ambiguous_assignment|close_encounter,25|26
319,5229,0.806047,ambiguous_assignment|close_encounter,25|26
320,5230,0.812306,ambiguous_assignment|close_encounter,25|26
321,5231,0.941345,ambiguous_assignment|close_encounter|interior_track_birth,25|26|27
322,5232,0.942484,ambiguous_assignment|close_encounter|missing_detection,25|26|27
323,5233,0.87726,ambiguous_assignment|close_encounter|missing_detection,25|26|27
324,5234,0.95,ambiguous_assignment|close_encounter,25|26|27
325,5235,0.95,ambiguous_assignment|close_encounter,25|26|27
326,5236,0.848056,ambiguous_assignment|close_encounter,25|26|27
327,5237,0.95,ambiguous_assignment|close_encounter,25|26|27
328,5238,0.883867,ambiguous_assignment|close_encounter,25|26|27
329,5239,0.923407,ambiguous_assignment|close_encounter|missing_detection,25|26|27
330,5240,0.947199,ambiguous_assignment|close_encounter,25|26|27
331,5241,0.86347,ambiguous_assignment|close_encounter,25|26|27
332,5242,0.828106,ambiguous_assignment|close_encounter,25|26|27
333,5243,0.934044,ambiguous_assignment|close_encounter|interior_track_birth,25|26|27|28
334,5244,0.836967,ambiguous_assignment|close_encounter,25|26|27|28
335,5245,0.94331,ambiguous_assignment|close_encounter|missing_detection,25|26|27|28
336,5247,0.62,missing_detection,25|26|27|28
337,5248,0.71,missing_detection,25|26|27|28
338,5249,0.95,ambiguous_assignment|close_encounter|missing_detection,25|26|27|28
339,5250,0.8,missing_detection,25|26|27|28
340,5251,0.95,ambiguous_assignment|close_encounter|interior_track_end|missing_detection,25|26|27|28
341,5252,0.722628,ambiguous_assignment|missing_detection,25|27|28
342,5253,0.71,missing_detection,25|27
343,5254,0.8,missing_detection,25|27|28
344,5255,0.95,ambiguous_assignment|close_encounter,25|27|28
345,5256,0.95,ambiguous_assignment|close_encounter,25|27|28
346,5257,0.818773,ambiguous_assignment|close_encounter,25|27|28
347,5258,0.840802,ambiguous_assignment|close_encounter,25|27|28
348,5259,0.95,ambiguous_assignment|close_encounter,25|27|28
349,5260,0.95,ambiguous_assignment|close_encounter,25|27|28
350,5261,0.95,ambiguous_assignment|close_encounter,25|27|28
351,5262,0.95,ambiguous_assignment|close_encounter,25|27|28
352,5263,0.940695,ambiguous_assignment|close_encounter|missing_detection,25|27|28
353,5264,0.872579,ambiguous_assignment|close_encounter|missing_detection,25|27|28
354,5265,0.842602,ambiguous_assignment|close_encounter|missing_detection,25|27|28
355,5266,0.95,ambiguous_assignment|close_encounter,25|27|28
356,5267,0.95,ambiguous_assignment|close_encounter|missing_detection,25|27|28
357,5268,0.901614,ambiguous_assignment|close_encounter|missing_detection,25|27|28
358,5269,0.783528,ambiguous_assignment|close_encounter|missing_detection,25|27|28
359,5270,0.95,ambiguous_assignment|close_encounter|large_motion_jump,25|27|28
360,5271,0.95,ambiguous_assignment|close_encounter,25|27|28
361,5272,0.95,ambiguous_assignment|close_encounter,25|27|28
362,5273,0.95,ambiguous_assignment|close_encounter,25|27|28
363,5274,0.95,ambiguous_assignment|close_encounter,25|27|28
364,5275,0.918328,ambiguous_assignment|close_encounter|missing_detection,25|27|28
365,5276,0.89565,ambiguous_assignment|close_encounter|missing_detection,25|27|28
366,5277,0.823748,ambiguous_assignment|close_encounter|missing_detection,25|27|28
367,5278,0.798692,ambiguous_assignment|close_encounter|missing_detection,25|27|28
368,5279,0.822985,ambiguous_assignment|close_encounter|missing_detection,25|27|28
369,5280,0.833778,ambiguous_assignment|close_encounter|interior_track_end,25|27|28
370,5281,0.824656,ambiguous_assignment|close_encounter,25|28
371,5282,0.95,ambiguous_assignment|close_encounter,25|28
372,5283,0.95,ambiguous_assignment|close_encounter,25|28
373,5284,0.95,ambiguous_assignment|close_encounter,25|28
374,5285,0.883427,ambiguous_assignment|close_encounter,25|28
375,5286,0.940837,ambiguous_assignment|close_encounter,25|28
376,5287,0.771351,ambiguous_assignment|missing_detection,25|28
377,5288,0.766231,ambiguous_assignment|missing_detection,25|28
378,5289,0.778317,ambiguous_assignment|missing_detection,25|28
379,5290,0.776833,ambiguous_assignment|missing_detection,25|28
380,5291,0.8,ambiguous_assignment|missing_detection,25|28
381,5292,0.8,ambiguous_assignment|interior_track_end,25|28
382,5335,0.786016,ambiguous_assignment|close_encounter|interior_track_birth,28|29
383,5336,0.788923,ambiguous_assignment|missing_detection,28|29
384,5337,0.75896,ambiguous_assignment|missing_detection,28|29
385,5338,0.810902,ambiguous_assignment|close_encounter,28|29
386,5339,0.871115,ambiguous_assignment|close_encounter,28|29
387,5340,0.858237,ambiguous_assignment|close_encounter,28|29
388,5341,0.912436,ambiguous_assignment|missing_detection,28|29
389,5342,0.862782,ambiguous_assignment|missing_detection,28|29
390,5343,0.80077,ambiguous_assignment|missing_detection,28|29
391,5344,0.792225,ambiguous_assignment|missing_detection,28|29
392,5345,0.820395,ambiguous_assignment|close_encounter,28|29
393,5346,0.796506,ambiguous_assignment|close_encounter,28|29
394,5347,0.751172,ambiguous_assignment|missing_detection,28|29
395,5348,0.801891,ambiguous_assignment|close_encounter,28|29
396,5349,0.793826,ambiguous_assignment|close_encounter,28|29
397,5350,0.793975,ambiguous_assignment|close_encounter,28|29
398,5351,0.795955,ambiguous_assignment|close_encounter,28|29
399,5352,0.838259,ambiguous_assignment|close_encounter,28|29
400,5353,0.818691,ambiguous_assignment|missing_detection,28|29
401,5354,0.806055,ambiguous_assignment|missing_detection,28|29
402,5355,0.94677,ambiguous_assignment|missing_detection,28|29
403,5356,0.896865,ambiguous_assignment|missing_detection,28|29
404,5357,0.859274,ambiguous_assignment|missing_detection,28|29
405,5358,0.853468,ambiguous_assignment|interior_track_end,28|29
406,5399,0.841359,ambiguous_assignment|close_encounter|interior_track_birth,28|30
407,5400,0.798052,ambiguous_assignment|close_encounter,28|30
408,5401,0.79823,ambiguous_assignment|close_encounter,28|30
409,5402,0.799151,ambiguous_assignment|close_encounter,28|30
410,5403,0.799307,ambiguous_assignment|close_encounter,28|30
411,5404,0.801502,ambiguous_assignment|missing_detection,28|30
412,5405,0.829265,ambiguous_assignment|missing_detection,28|30
413,5406,0.807456,ambiguous_assignment|missing_detection,28|30
414,5407,0.878218,ambiguous_assignment|missing_detection,28|30
415,5408,0.884622,ambiguous_assignment|missing_detection,28|30
416,5409,0.8,ambiguous_assignment|interior_track_end,28|30
417,5440,0.788289,ambiguous_assignment|close_encounter|interior_track_birth,28|31
418,5441,0.735975,ambiguous_assignment|missing_detection,28|31
419,5442,0.788784,ambiguous_assignment|close_encounter,28|31
420,5443,0.778833,ambiguous_assignment|missing_detection,28|31
421,5444,0.940196,ambiguous_assignment|missing_detection,28|31
422,5445,0.931117,ambiguous_assignment|missing_detection,28|31
423,5446,0.836317,ambiguous_assignment|missing_detection,28|31
424,5447,0.801017,ambiguous_assignment|missing_detection,28|31
425,5448,0.733263,ambiguous_assignment|missing_detection,28|31
426,5449,0.8,ambiguous_assignment|missing_detection,28|31
427,5450,0.8,ambiguous_assignment|interior_track_end,28|31
428,5472,0.84538,ambiguous_assignment|close_encounter|interior_track_birth,31|32
429,5473,0.841222,ambiguous_assignment|close_encounter,31|32
430,5474,0.818346,ambiguous_assignment|missing_detection,31|32
431,5475,0.83494,ambiguous_assignment|missing_detection,31|32
432,5476,0.903115,ambiguous_assignment|missing_detection,31|32
433,5477,0.774455,ambiguous_assignment|missing_detection,31|32
434,5478,0.95,ambiguous_assignment|close_encounter,31|32
435,5479,0.95,ambiguous_assignment|close_encounter,31|32
436,5480,0.787195,ambiguous_assignment|close_encounter,31|32
437,5481,0.790063,ambiguous_assignment|close_encounter,31|32
438,5482,0.95,ambiguous_assignment|close_encounter,31|32
439,5483,0.95,ambiguous_assignment|close_encounter,31|32
440,5484,0.908033,ambiguous_assignment|missing_detection,31|32
441,5485,0.786203,ambiguous_assignment|missing_detection,31|32
442,5486,0.62,missing_detection,31
443,5487,0.71,missing_detection,31
444,5488,0.8,missing_detection,31
445,5489,0.8,interior_track_end,31
446,5491,0.776274,close_encounter|interior_track_birth,32
447,5522,0.62,missing_detection,32
448,5523,0.947987,ambiguous_assignment|close_encounter|interior_track_birth,32
449,5524,0.95,ambiguous_assignment|close_encounter,32
450,5525,0.893102,ambiguous_assignment|missing_detection,32
451,5526,0.884521,ambiguous_assignment|missing_detection,32
452,5527,0.840346,ambiguous_assignment|missing_detection,32
453,5528,0.838116,ambiguous_assignment|missing_detection,32
454,5529,0.849318,ambiguous_assignment|missing_detection,32
455,5530,0.858451,ambiguous_assignment|interior_track_end,32
456,5550,0.792416,ambiguous_assignment|close_encounter|interior_track_birth,32|35
457,5551,0.792652,ambiguous_assignment|close_encounter,32|35
458,5552,0.792488,ambiguous_assignment|missing_detection,32|35
459,5553,0.816375,ambiguous_assignment|missing_detection,32|35
460,5554,0.79653,ambiguous_assignment|missing_detection,32|35
461,5555,0.888182,ambiguous_assignment|missing_detection,32|35
462,5556,0.92653,ambiguous_assignment|close_encounter,32|35
463,5557,0.866057,ambiguous_assignment|close_encounter,32|35
464,5558,0.80579,ambiguous_assignment|missing_detection,32|35
465,5559,0.895094,ambiguous_assignment|close_encounter,32|35
466,5560,0.887301,ambiguous_assignment|close_encounter,32|35
467,5561,0.929211,ambiguous_assignment|close_encounter,32|35
468,5562,0.938167,ambiguous_assignment|close_encounter,32|35
469,5565,0.847285,ambiguous_assignment|missing_detection,32|35
470,5566,0.71,missing_detection,32|35
471,5567,0.8,missing_detection,32|35
472,5568,0.8,interior_track_end|missing_detection,32|35
473,5569,0.71,missing_detection,32
474,5570,0.8,missing_detection,32
475,5571,0.8,interior_track_end,32
476,5604,0.7,interior_track_birth,36
477,5627,0.791261,ambiguous_assignment|close_encounter|interior_track_birth,36|37
478,5628,0.802239,ambiguous_assignment|close_encounter,36|37
479,5629,0.791218,ambiguous_assignment|close_encounter,36|37
480,5630,0.832266,ambiguous_assignment|close_encounter,36|37
481,5631,0.88919,ambiguous_assignment|missing_detection,36|37
482,5632,0.886009,ambiguous_assignment|missing_detection,36|37
483,5633,0.841187,ambiguous_assignment|missing_detection,36|37
484,5634,0.841431,ambiguous_assignment|missing_detection,36|37
485,5635,0.922779,ambiguous_assignment|close_encounter,36|37
486,5636,0.881201,ambiguous_assignment|close_encounter,36|37
487,5637,0.880531,ambiguous_assignment|missing_detection,36|37
488,5638,0.893526,ambiguous_assignment|close_encounter,36|37
489,5639,0.916541,ambiguous_assignment|missing_detection,36|37
490,5640,0.894418,ambiguous_assignment|close_encounter,36|37
491,5641,0.828354,ambiguous_assignment|close_encounter,36|37
492,5642,0.797613,ambiguous_assignment|close_encounter,36|37
493,5643,0.820967,ambiguous_assignment|close_encounter,36|37
494,5644,0.808828,ambiguous_assignment|close_encounter,36|37
495,5645,0.79729,ambiguous_assignment|close_encounter,36|37
496,5646,0.797241,ambiguous_assignment|close_encounter,36|37
497,5649,0.834301,ambiguous_assignment|close_encounter,36|37
498,5650,0.758694,ambiguous_assignment|missing_detection,36|37
499,5652,0.62,missing_detection,36|37
500,5653,0.71,missing_detection,36|37
501,5654,0.8,missing_detection,36|37
502,5655,0.8,interior_track_end|missing_detection,36|37
503,5656,0.8,interior_track_end,36
504,5661,0.7,interior_track_birth,38
505,5667,0.790723,ambiguous_assignment|close_encounter|interior_track_birth,38|39
506,5668,0.95,ambiguous_assignment|close_encounter,38|39
507,5669,0.876673,ambiguous_assignment|close_encounter,38|39
508,5670,0.909511,ambiguous_assignment|close_encounter,38|39
509,5671,0.822653,ambiguous_assignment|close_encounter,38|39
510,5672,0.798777,ambiguous_assignment|close_encounter,38|39
511,5673,0.881574,ambiguous_assignment|close_encounter|interior_track_birth,38|39|40
512,5674,0.928003,ambiguous_assignment|close_encounter|missing_detection,38|39|40
513,5675,0.95,ambiguous_assignment|close_encounter,38|39|40
514,5676,0.95,ambiguous_assignment|close_encounter,38|39|40
515,5677,0.849481,ambiguous_assignment|close_encounter,38|39|40
516,5678,0.826202,ambiguous_assignment|close_encounter,38|39|40
517,5679,0.940654,ambiguous_assignment|missing_detection,38|39|40
518,5680,0.893303,ambiguous_assignment|missing_detection,38|39|40
519,5681,0.95,ambiguous_assignment|close_encounter,38|39|40
520,5682,0.919029,ambiguous_assignment|missing_detection,38|39|40
521,5683,0.879501,ambiguous_assignment|missing_detection,38|39|40
522,5684,0.81102,ambiguous_assignment|missing_detection,38|39|40
523,5685,0.95,ambiguous_assignment|close_encounter,38|39|40
524,5686,0.95,ambiguous_assignment|close_encounter,38|39|40
525,5687,0.843365,ambiguous_assignment|close_encounter,38|39|40
526,5688,0.934976,ambiguous_assignment|close_encounter|missing_detection,38|39|40
527,5689,0.948096,ambiguous_assignment|close_encounter,38|39|40
528,5690,0.898611,ambiguous_assignment|close_encounter|missing_detection,38|39|40
529,5691,0.795861,ambiguous_assignment|close_encounter|missing_detection,38|39|40
530,5692,0.913761,ambiguous_assignment|missing_detection,38|39|40
531,5693,0.834641,ambiguous_assignment|missing_detection,38|39|40
532,5694,0.95,ambiguous_assignment|close_encounter|missing_detection,38|39|40
533,5695,0.95,ambiguous_assignment|close_encounter|missing_detection,38|39|40
534,5696,0.95,ambiguous_assignment|close_encounter|missing_detection,38|39|40
535,5697,0.794027,ambiguous_assignment|close_encounter|missing_detection,38|39|40
536,5698,0.793988,ambiguous_assignment|close_encounter|missing_detection,38|39|40
537,5699,0.855639,ambiguous_assignment|close_encounter|missing_detection,38|39|40
538,5700,0.838562,ambiguous_assignment|close_encounter|interior_track_end,38|39|40
539,5701,0.794101,ambiguous_assignment|close_encounter,39|40
540,5702,0.803758,ambiguous_assignment|close_encounter,39|40
541,5703,0.796668,ambiguous_assignment|missing_detection,39|40
542,5704,0.795312,ambiguous_assignment|missing_detection,39|40
543,5705,0.913056,ambiguous_assignment|missing_detection,39|40
544,5706,0.787963,ambiguous_assignment|missing_detection,39|40
545,5707,0.903301,ambiguous_assignment|missing_detection,39|40
546,5708,0.871518,ambiguous_assignment|missing_detection,39|40
547,5709,0.71,missing_detection,39
548,5710,0.8,missing_detection,39
549,5711,0.8,interior_track_end|missing_detection,39|40
550,5713,0.62,missing_detection,40
551,5714,0.71,missing_detection,40
552,5715,0.8,missing_detection,40
553,5716,0.8,interior_track_end,40
554,5723,0.7,interior_track_birth,41
555,5742,0.62,missing_detection,41
556,5743,0.71,missing_detection,41
557,5744,0.8,missing_detection,41
558,5745,0.8,interior_track_end,41
559,5749,0.7,interior_track_birth,42
560,5757,0.62,missing_detection,42
561,5758,0.71,missing_detection,42
562,5759,0.8,missing_detection,42
563,5760,0.8,interior_track_end,42
564,5763,0.7,interior_track_birth,43
565,5766,0.62,missing_detection,43
566,5771,0.846586,ambiguous_assignment|close_encounter|interior_track_birth,43|44|45
567,5772,0.812633,ambiguous_assignment|close_encounter,43|44|45
568,5773,0.804403,ambiguous_assignment|close_encounter|missing_detection,43|44|45
569,5774,0.798801,ambiguous_assignment|close_encounter,43|44|45
570,5775,0.808185,ambiguous_assignment|missing_detection,43|44|45
571,5776,0.79916,ambiguous_assignment|missing_detection,43|44|45
572,5777,0.798728,ambiguous_assignment|missing_detection,43|44|45
573,5778,0.71,missing_detection,43|44|45
574,5779,0.8,missing_detection,43|44|45
575,5780,0.8,interior_track_end|missing_detection,43|44|45
576,5781,0.71,missing_detection,43
577,5782,0.8,missing_detection,43
578,5783,0.8,interior_track_end,43
579,5986,0.7,interior_track_birth,46
580,6035,0.794579,ambiguous_assignment|close_encounter|interior_track_birth,46|47
581,6036,0.783439,ambiguous_assignment|close_encounter,46|47
582,6037,0.782187,ambiguous_assignment|close_encounter,46|47
583,6038,0.751365,ambiguous_assignment|missing_detection,46|47
584,6039,0.78438,ambiguous_assignment|missing_detection,46|47
585,6040,0.748431,ambiguous_assignment|missing_detection,46|47
586,6041,0.750816,ambiguous_assignment|missing_detection,46|47
587,6042,0.810687,ambiguous_assignment|missing_detection,46|47
588,6043,0.817191,ambiguous_assignment|interior_track_end,46|47
589,6054,0.858672,ambiguous_assignment|close_encounter|interior_track_birth,46|48
590,6055,0.814639,ambiguous_assignment|close_encounter,46|48
591,6056,0.793651,ambiguous_assignment|close_encounter,46|48
592,6057,0.793886,ambiguous_assignment|close_encounter,46|48
593,6058,0.838392,ambiguous_assignment|missing_detection,46|48
594,6059,0.862444,ambiguous_assignment|missing_detection,46|48
595,6060,0.67811,ambiguous_assignment|missing_detection,46|48
596,6061,0.71,ambiguous_assignment|missing_detection,46|48
597,6062,0.849884,ambiguous_assignment|missing_detection,46|48
598,6063,0.810407,ambiguous_assignment|interior_track_end,46|48
599,6076,0.796605,ambiguous_assignment|close_encounter|interior_track_birth,48|49
600,6077,0.787057,ambiguous_assignment|missing_detection,48|49
601,6078,0.95,ambiguous_assignment|close_encounter,48|49
602,6079,0.933944,ambiguous_assignment|close_encounter|interior_track_birth,48|49
603,6080,0.949831,ambiguous_assignment|close_encounter|missing_detection,48|49
604,6081,0.870435,ambiguous_assignment|close_encounter|missing_detection,48|49
605,6082,0.902723,ambiguous_assignment|missing_detection,48|49
606,6083,0.71,missing_detection,48|49
607,6084,0.8,missing_detection,48|49
608,6085,0.8,interior_track_end|missing_detection,48|49
609,6086,0.918449,ambiguous_assignment|close_encounter,48|49
610,6087,0.855303,ambiguous_assignment|close_encounter,48|49
611,6088,0.795768,ambiguous_assignment|close_encounter,48|49
612,6089,0.796042,ambiguous_assignment|close_encounter,48|49
613,6090,0.859023,ambiguous_assignment|close_encounter|interior_track_birth,48|49|51
614,6091,0.860104,ambiguous_assignment|close_encounter,48|49|51
615,6092,0.806723,ambiguous_assignment|close_encounter,48|49|51
616,6093,0.809022,ambiguous_assignment|close_encounter,48|49|51
617,6096,0.62,missing_detection,48|49|51
618,6097,0.71,missing_detection,48|49|51
619,6098,0.8,missing_detection,48|49|51
620,6099,0.8,interior_track_end,48|49|51
