image_name,image_path,video_path,source_frame_index,source_time_seconds,width,height,roi_json,roi_id,roi_x,roi_y,roi_width,roi_height,selection_group,reference_roi_json,exclusion_json,candidate_id,quality_score,motion_score,contrast_score,sharpness_score,exposure_score,excluded_fraction,proposal_mode,cluster_id,distance_to_cluster_center
Type1_Vid1_beginning_random_roi_0001_frame_000000212_x1456_y1264.png,C:\Users\colla\Documents\Research\Taka\FINAL\runs\random_roi_smoke\sampled_motion\selected_frames\Type1_Vid1_beginning_random_roi_0001_frame_000000212_x1456_y1264.png,C:\Users\colla\Documents\Research\Taka\Videos\Type1_Vid1.mp4,212,3.533333,287,270,,random_roi_0001,1456,1264,287,270,beginning,C:\Users\colla\Documents\Research\Taka\FINAL\runs\Type1_Vid1_roi.json,C:\Users\colla\Documents\Research\Taka\FINAL\runs\random_roi_smoke\exclusions.json,3,0.21363636,0.00720981,4.49179278,15.83809662,0.99989676,0.0,random,3,8.38703918
Type1_Vid1_beginning_random_roi_0002_frame_000000511_x2568_y1177.png,C:\Users\colla\Documents\Research\Taka\FINAL\runs\random_roi_smoke\sampled_motion\selected_frames\Type1_Vid1_beginning_random_roi_0002_frame_000000511_x2568_y1177.png,C:\Users\colla\Documents\Research\Taka\Videos\Type1_Vid1.mp4,511,8.516667,279,262,,random_roi_0002,2568,1177,279,262,beginning,C:\Users\colla\Documents\Research\Taka\FINAL\runs\Type1_Vid1_roi.json,C:\Users\colla\Documents\Research\Taka\FINAL\runs\random_roi_smoke\exclusions.json,4,0.82272727,0.03288746,29.66328625,102.34412384,0.99321459,0.0,motion,2,4.42952585
Type1_Vid1_beginning_random_roi_0003_frame_000000511_x2416_y1160.png,C:\Users\colla\Documents\Research\Taka\FINAL\runs\random_roi_smoke\sampled_motion\selected_frames\Type1_Vid1_beginning_random_roi_0003_frame_000000511_x2416_y1160.png,C:\Users\colla\Documents\Research\Taka\Videos\Type1_Vid1.mp4,511,8.516667,313,281,,random_roi_0003,2416,1160,313,281,beginning,C:\Users\colla\Documents\Research\Taka\FINAL\runs\Type1_Vid1_roi.json,C:\Users\colla\Documents\Research\Taka\FINAL\runs\random_roi_smoke\exclusions.json,6,0.78636364,0.02847264,31.19148429,75.66235352,0.99471309,0.0,motion,1,3.79611802
Type1_Vid1_beginning_random_roi_0004_frame_000001413_x575_y1760.png,C:\Users\colla\Documents\Research\Taka\FINAL\runs\random_roi_smoke\sampled_motion\selected_frames\Type1_Vid1_beginning_random_roi_0004_frame_000001413_x575_y1760.png,C:\Users\colla\Documents\Research\Taka\Videos\Type1_Vid1.mp4,1413,23.55,282,265,,random_roi_0004,575,1760,282,265,beginning,C:\Users\colla\Documents\Research\Taka\FINAL\runs\Type1_Vid1_roi.json,C:\Users\colla\Documents\Research\Taka\FINAL\runs\random_roi_smoke\exclusions.json,10,0.65454545,0.00863585,8.63883844,21.67240906,0.99953165,0.0,motion,0,12.57387161
Type1_Vid1_random_random_roi_0005_frame_000002102_x1812_y444.png,C:\Users\colla\Documents\Research\Taka\FINAL\runs\random_roi_smoke\sampled_motion\selected_frames\Type1_Vid1_random_random_roi_0005_frame_000002102_x1812_y444.png,C:\Users\colla\Documents\Research\Taka\Videos\Type1_Vid1.mp4,2102,35.033333,304,273,,random_roi_0005,1812,444,304,273,random,C:\Users\colla\Documents\Research\Taka\FINAL\runs\Type1_Vid1_roi.json,C:\Users\colla\Documents\Research\Taka\FINAL\runs\random_roi_smoke\exclusions.json,14,0.79130435,0.01290002,39.91021607,104.13996887,0.99996385,0.0,motion,5,6.97300816
Type1_Vid1_random_random_roi_0006_frame_000002902_x1653_y574.png,C:\Users\colla\Documents\Research\Taka\FINAL\runs\random_roi_smoke\sampled_motion\selected_frames\Type1_Vid1_random_random_roi_0006_frame_000002902_x1653_y574.png,C:\Users\colla\Documents\Research\Taka\Videos\Type1_Vid1.mp4,2902,48.366667,303,285,,random_roi_0006,1653,574,303,285,random,C:\Users\colla\Documents\Research\Taka\FINAL\runs\Type1_Vid1_roi.json,C:\Users\colla\Documents\Research\Taka\FINAL\runs\random_roi_smoke\exclusions.json,21,0.54782609,0.00797492,20.82629384,41.83781052,0.99993052,0.0,random,0,8.19612885
Type1_Vid1_random_random_roi_0007_frame_000003764_x849_y1200.png,C:\Users\colla\Documents\Research\Taka\FINAL\runs\random_roi_smoke\sampled_motion\selected_frames\Type1_Vid1_random_random_roi_0007_frame_000003764_x849_y1200.png,C:\Users\colla\Documents\Research\Taka\Videos\Type1_Vid1.mp4,3764,62.733333,310,279,,random_roi_0007,849,1200,310,279,random,C:\Users\colla\Documents\Research\Taka\FINAL\runs\Type1_Vid1_roi.json,C:\Users\colla\Documents\Research\Taka\FINAL\runs\random_roi_smoke\exclusions.json,22,0.64130435,0.00842411,10.97898856,58.88685226,0.9978379,0.0,motion,4,3.48152947
Type1_Vid1_random_random_roi_0008_frame_000003764_x2393_y422.png,C:\Users\colla\Documents\Research\Taka\FINAL\runs\random_roi_smoke\sampled_motion\selected_frames\Type1_Vid1_random_random_roi_0008_frame_000003764_x2393_y422.png,C:\Users\colla\Documents\Research\Taka\Videos\Type1_Vid1.mp4,3764,62.733333,280,252,,random_roi_0008,2393,422,280,252,random,C:\Users\colla\Documents\Research\Taka\FINAL\runs\Type1_Vid1_roi.json,C:\Users\colla\Documents\Research\Taka\FINAL\runs\random_roi_smoke\exclusions.json,24,0.3826087,0.00786539,2.89019516,0.38269535,1.0,0.0,random,2,4.30039358
Type1_Vid1_random_random_roi_0009_frame_000004234_x2863_y971.png,C:\Users\colla\Documents\Research\Taka\FINAL\runs\random_roi_smoke\sampled_motion\selected_frames\Type1_Vid1_random_random_roi_0009_frame_000004234_x2863_y971.png,C:\Users\colla\Documents\Research\Taka\Videos\Type1_Vid1.mp4,4234,70.566667,277,260,,random_roi_0009,2863,971,277,260,random,C:\Users\colla\Documents\Research\Taka\FINAL\runs\Type1_Vid1_roi.json,C:\Users\colla\Documents\Research\Taka\FINAL\runs\random_roi_smoke\exclusions.json,27,0.64347826,0.00839869,11.00950787,2.16045523,1.0,0.0,random,7,0.0
Type1_Vid1_random_random_roi_0010_frame_000005069_x2610_y994.png,C:\Users\colla\Documents\Research\Taka\FINAL\runs\random_roi_smoke\sampled_motion\selected_frames\Type1_Vid1_random_random_roi_0010_frame_000005069_x2610_y994.png,C:\Users\colla\Documents\Research\Taka\Videos\Type1_Vid1.mp4,5069,84.483333,307,276,,random_roi_0010,2610,994,307,276,random,C:\Users\colla\Documents\Research\Taka\FINAL\runs\Type1_Vid1_roi.json,C:\Users\colla\Documents\Research\Taka\FINAL\runs\random_roi_smoke\exclusions.json,32,0.87826087,0.02501563,21.68670299,7.66003323,1.0,0.0,motion,3,4.82367086
Type1_Vid1_random_random_roi_0011_frame_000005069_x2672_y566.png,C:\Users\colla\Documents\Research\Taka\FINAL\runs\random_roi_smoke\sampled_motion\selected_frames\Type1_Vid1_random_random_roi_0011_frame_000005069_x2672_y566.png,C:\Users\colla\Documents\Research\Taka\Videos\Type1_Vid1.mp4,5069,84.483333,280,252,,random_roi_0011,2672,566,280,252,random,C:\Users\colla\Documents\Research\Taka\FINAL\runs\Type1_Vid1_roi.json,C:\Users\colla\Documents\Research\Taka\FINAL\runs\random_roi_smoke\exclusions.json,33,0.71086957,0.0097177,8.84483299,0.90879726,1.0,0.0,motion,6,4.90694141
Type1_Vid1_random_random_roi_0012_frame_000005615_x934_y446.png,C:\Users\colla\Documents\Research\Taka\FINAL\runs\random_roi_smoke\sampled_motion\selected_frames\Type1_Vid1_random_random_roi_0012_frame_000005615_x934_y446.png,C:\Users\colla\Documents\Research\Taka\Videos\Type1_Vid1.mp4,5615,93.583333,268,252,,random_roi_0012,934,446,268,252,random,C:\Users\colla\Documents\Research\Taka\FINAL\runs\Type1_Vid1_roi.json,C:\Users\colla\Documents\Research\Taka\FINAL\runs\random_roi_smoke\exclusions.json,35,0.14347826,0.00494989,1.88725823,0.24358858,1.0,0.0,motion,1,0.84285164
