frame_index,time_seconds,track_id,roi_id,center_x,center_y,x1,y1,x2,y2,score,observed,track_age,missed_frames,assignment_cost,ambiguity_margin,switch_risk,review_reason
4860,81.0,1,roi_001,903.1107,1555.1024,894.107,1549.2494,912.1144,1560.9554,0.711895,1,1,0,0.0,1.0,0.7,interior_track_birth
4861,81.01666666666667,1,roi_001,903.1112,1555.1024,894.1073,1549.2499,912.1151,1560.9548,0.711826,1,2,0,2.1e-05,1.0,8e-06,
4862,81.03333333333333,1,roi_001,903.1837,1555.1359,894.1608,1549.2227,912.2065,1561.0492,0.720524,1,3,0,0.00377,1.0,0.001508,
4863,81.05,1,roi_001,903.2868,1555.1031,894.4496,1549.5081,912.124,1560.6981,0.677114,1,4,0,0.008253,1.0,0.003301,
4864,81.06666666666666,1,roi_001,903.3267,1555.1141,894.4757,1549.5042,912.1777,1560.724,0.680478,1,5,0,0.002402,1.0,0.000961,
4865,81.08333333333333,1,roi_001,903.1104,1555.1534,894.127,1549.3965,912.0939,1560.9103,0.715748,1,6,0,0.008139,1.0,0.003256,
4866,81.1,1,roi_001,903.3164,1555.1956,894.455,1549.5988,912.1779,1560.7925,0.677791,1,7,0,0.011887,1.0,0.004755,
4867,81.11666666666666,1,roi_001,903.1521,1555.1185,894.1321,1549.3906,912.1721,1560.8463,0.718268,1,8,0,0.010493,1.0,0.004197,
4868,81.13333333333334,1,roi_001,903.142,1555.1391,894.0913,1549.3969,912.1926,1560.8813,0.716007,1,9,0,0.005331,1.0,0.002132,
4869,81.15,1,roi_001,903.2754,1555.0433,894.4016,1549.5757,912.1493,1560.5109,0.649196,1,10,0,0.009161,1.0,0.003664,
4870,81.16666666666667,1,roi_001,903.0626,1553.6814,893.2563,1544.7018,912.8688,1562.661,0.637595,1,11,0,0.067304,1.0,0.026922,
4871,81.18333333333334,1,roi_001,903.0732,1553.8683,893.4951,1545.1161,912.6512,1562.6205,0.648704,1,12,0,0.038382,1.0,0.015353,
4872,81.2,1,roi_001,903.2601,1553.5378,893.1384,1544.308,913.3818,1562.7676,0.578758,1,13,0,0.021212,1.0,0.008485,
4873,81.21666666666667,1,roi_001,903.3235,1553.5363,893.1599,1544.2764,913.4871,1562.7961,0.571481,1,14,0,0.011435,1.0,0.004574,
4874,81.23333333333333,1,roi_001,903.224,1553.5471,893.1555,1544.2733,913.2925,1562.8208,0.567932,1,15,0,0.005427,1.0,0.002171,
4875,81.25,1,roi_001,903.3721,1553.3384,892.8981,1543.8104,913.846,1562.8663,0.580399,1,16,0,0.013476,1.0,0.00539,
4876,81.26666666666667,1,roi_001,903.3061,1553.3611,892.7672,1543.7817,913.8449,1562.9406,0.586983,1,17,0,0.009976,1.0,0.003991,
4877,81.28333333333333,1,roi_001,903.3916,1553.3727,892.9698,1543.8762,913.8134,1562.8691,0.573355,1,18,0,0.005359,1.0,0.002143,
4878,81.3,1,roi_001,903.4103,1553.3517,893.0286,1543.927,913.792,1562.7765,0.589401,1,19,0,0.002588,1.0,0.001035,
4879,81.31666666666666,1,roi_001,903.4018,1553.3201,893.1804,1543.9484,913.6231,1562.6919,0.579107,1,20,0,0.002667,1.0,0.001067,
4880,81.33333333333333,1,roi_001,903.4453,1553.3729,893.0134,1543.7924,913.8773,1562.9534,0.587853,1,21,0,0.005389,1.0,0.002156,
4881,81.35,1,roi_001,903.2768,1553.5333,892.9532,1544.0087,913.6005,1563.058,0.642469,1,22,0,0.005974,1.0,0.00239,
4882,81.36666666666666,1,roi_001,903.5119,1553.3217,893.2971,1543.8024,913.7268,1562.8409,0.610856,1,23,0,0.013491,1.0,0.005396,
4883,81.38333333333334,1,roi_001,902.7676,1553.6732,892.7836,1544.6658,912.7516,1562.6807,0.621831,1,24,0,0.026873,1.0,0.010749,
4884,81.4,1,roi_001,902.9391,1553.7578,892.7836,1544.5925,913.0946,1562.923,0.641542,1,25,0,0.021676,1.0,0.00867,
4885,81.41666666666667,1,roi_001,902.9373,1553.7591,892.7885,1544.5996,913.0861,1562.9186,0.641278,1,26,0,0.004718,1.0,0.001887,
4886,81.43333333333334,1,roi_001,902.9316,1553.9626,892.9862,1545.1135,912.877,1562.8116,0.635622,1,27,0,0.008036,1.0,0.003214,
4887,81.45,1,roi_001,902.7485,1554.1501,892.9539,1545.0222,912.5432,1563.2781,0.653429,1,28,0,0.007421,1.0,0.002969,
4888,81.46666666666667,1,roi_001,903.137,1555.2716,894.3584,1549.5837,911.9156,1560.9595,0.656402,1,29,0,0.072479,1.0,0.028991,
4889,81.48333333333333,1,roi_001,903.1605,1555.3152,894.2963,1549.7036,912.0247,1560.9268,0.660557,1,30,0,0.040042,1.0,0.016017,
