image_name,image_path,video_path,source_frame_index,source_time_seconds,width,height,roi_json,roi_id,roi_x,roi_y,roi_width,roi_height,cluster_id,distance_to_cluster_center
Type1_Vid1_Type1_Vid1_roi_roi_001_frame_0000000.png,C:\Users\colla\Documents\Research\Taka\FINAL\runs\Type1_Vid1_labels\selected_frames\Type1_Vid1_Type1_Vid1_roi_roi_001_frame_0000000.png,C:\Users\colla\Documents\Research\Taka\Videos\Type1_Vid1.mp4,0,0.0,300,270,C:\Users\colla\Documents\Research\Taka\FINAL\runs\Type1_Vid1_roi.json,roi_001,790,1420,300,270,94,0.0
Type1_Vid1_Type1_Vid1_roi_roi_001_frame_0000090.png,C:\Users\colla\Documents\Research\Taka\FINAL\runs\Type1_Vid1_labels\selected_frames\Type1_Vid1_Type1_Vid1_roi_roi_001_frame_0000090.png,C:\Users\colla\Documents\Research\Taka\Videos\Type1_Vid1.mp4,90,1.5,300,270,C:\Users\colla\Documents\Research\Taka\FINAL\runs\Type1_Vid1_roi.json,roi_001,790,1420,300,270,99,0.0
Type1_Vid1_Type1_Vid1_roi_roi_001_frame_0000180.png,C:\Users\colla\Documents\Research\Taka\FINAL\runs\Type1_Vid1_labels\selected_frames\Type1_Vid1_Type1_Vid1_roi_roi_001_frame_0000180.png,C:\Users\colla\Documents\Research\Taka\Videos\Type1_Vid1.mp4,180,3.0,300,270,C:\Users\colla\Documents\Research\Taka\FINAL\runs\Type1_Vid1_roi.json,roi_001,790,1420,300,270,240,0.0
Type1_Vid1_Type1_Vid1_roi_roi_001_frame_0000270.png,C:\Users\colla\Documents\Research\Taka\FINAL\runs\Type1_Vid1_labels\selected_frames\Type1_Vid1_Type1_Vid1_roi_roi_001_frame_0000270.png,C:\Users\colla\Documents\Research\Taka\Videos\Type1_Vid1.mp4,270,4.5,300,270,C:\Users\colla\Documents\Research\Taka\FINAL\runs\Type1_Vid1_roi.json,roi_001,790,1420,300,270,80,0.0
Type1_Vid1_Type1_Vid1_roi_roi_001_frame_0000360.png,C:\Users\colla\Documents\Research\Taka\FINAL\runs\Type1_Vid1_labels\selected_frames\Type1_Vid1_Type1_Vid1_roi_roi_001_frame_0000360.png,C:\Users\colla\Documents\Research\Taka\Videos\Type1_Vid1.mp4,360,6.0,300,270,C:\Users\colla\Documents\Research\Taka\FINAL\runs\Type1_Vid1_roi.json,roi_001,790,1420,300,270,190,0.0
Type1_Vid1_Type1_Vid1_roi_roi_001_frame_0000450.png,C:\Users\colla\Documents\Research\Taka\FINAL\runs\Type1_Vid1_labels\selected_frames\Type1_Vid1_Type1_Vid1_roi_roi_001_frame_0000450.png,C:\Users\colla\Documents\Research\Taka\Videos\Type1_Vid1.mp4,450,7.5,300,270,C:\Users\colla\Documents\Research\Taka\FINAL\runs\Type1_Vid1_roi.json,roi_001,790,1420,300,270,163,0.0
Type1_Vid1_Type1_Vid1_roi_roi_001_frame_0000540.png,C:\Users\colla\Documents\Research\Taka\FINAL\runs\Type1_Vid1_labels\selected_frames\Type1_Vid1_Type1_Vid1_roi_roi_001_frame_0000540.png,C:\Users\colla\Documents\Research\Taka\Videos\Type1_Vid1.mp4,540,9.0,300,270,C:\Users\colla\Documents\Research\Taka\FINAL\runs\Type1_Vid1_roi.json,roi_001,790,1420,300,270,181,0.0
Type1_Vid1_Type1_Vid1_roi_roi_001_frame_0000630.png,C:\Users\colla\Documents\Research\Taka\FINAL\runs\Type1_Vid1_labels\selected_frames\Type1_Vid1_Type1_Vid1_roi_roi_001_frame_0000630.png,C:\Users\colla\Documents\Research\Taka\Videos\Type1_Vid1.mp4,630,10.5,300,270,C:\Users\colla\Documents\Research\Taka\FINAL\runs\Type1_Vid1_roi.json,roi_001,790,1420,300,270,142,0.0
Type1_Vid1_Type1_Vid1_roi_roi_001_frame_0000720.png,C:\Users\colla\Documents\Research\Taka\FINAL\runs\Type1_Vid1_labels\selected_frames\Type1_Vid1_Type1_Vid1_roi_roi_001_frame_0000720.png,C:\Users\colla\Documents\Research\Taka\Videos\Type1_Vid1.mp4,720,12.0,300,270,C:\Users\colla\Documents\Research\Taka\FINAL\runs\Type1_Vid1_roi.json,roi_001,790,1420,300,270,60,0.0
Type1_Vid1_Type1_Vid1_roi_roi_001_frame_0000810.png,C:\Users\colla\Documents\Research\Taka\FINAL\runs\Type1_Vid1_labels\selected_frames\Type1_Vid1_Type1_Vid1_roi_roi_001_frame_0000810.png,C:\Users\colla\Documents\Research\Taka\Videos\Type1_Vid1.mp4,810,13.5,300,270,C:\Users\colla\Documents\Research\Taka\FINAL\runs\Type1_Vid1_roi.json,roi_001,790,1420,300,270,138,0.0
Type1_Vid1_Type1_Vid1_roi_roi_001_frame_0000900.png,C:\Users\colla\Documents\Research\Taka\FINAL\runs\Type1_Vid1_labels\selected_frames\Type1_Vid1_Type1_Vid1_roi_roi_001_frame_0000900.png,C:\Users\colla\Documents\Research\Taka\Videos\Type1_Vid1.mp4,900,15.0,300,270,C:\Users\colla\Documents\Research\Taka\FINAL\runs\Type1_Vid1_roi.json,roi_001,790,1420,300,270,228,0.0
Type1_Vid1_Type1_Vid1_roi_roi_001_frame_0000990.png,C:\Users\colla\Documents\Research\Taka\FINAL\runs\Type1_Vid1_labels\selected_frames\Type1_Vid1_Type1_Vid1_roi_roi_001_frame_0000990.png,C:\Users\colla\Documents\Research\Taka\Videos\Type1_Vid1.mp4,990,16.5,300,270,C:\Users\colla\Documents\Research\Taka\FINAL\runs\Type1_Vid1_roi.json,roi_001,790,1420,300,270,111,0.0
Type1_Vid1_Type1_Vid1_roi_roi_001_frame_0001080.png,C:\Users\colla\Documents\Research\Taka\FINAL\runs\Type1_Vid1_labels\selected_frames\Type1_Vid1_Type1_Vid1_roi_roi_001_frame_0001080.png,C:\Users\colla\Documents\Research\Taka\Videos\Type1_Vid1.mp4,1080,18.0,300,270,C:\Users\colla\Documents\Research\Taka\FINAL\runs\Type1_Vid1_roi.json,roi_001,790,1420,300,270,159,0.0
Type1_Vid1_Type1_Vid1_roi_roi_001_frame_0001170.png,C:\Users\colla\Documents\Research\Taka\FINAL\runs\Type1_Vid1_labels\selected_frames\Type1_Vid1_Type1_Vid1_roi_roi_001_frame_0001170.png,C:\Users\colla\Documents\Research\Taka\Videos\Type1_Vid1.mp4,1170,19.5,300,270,C:\Users\colla\Documents\Research\Taka\FINAL\runs\Type1_Vid1_roi.json,roi_001,790,1420,300,270,193,0.0
Type1_Vid1_Type1_Vid1_roi_roi_001_frame_0001260.png,C:\Users\colla\Documents\Research\Taka\FINAL\runs\Type1_Vid1_labels\selected_frames\Type1_Vid1_Type1_Vid1_roi_roi_001_frame_0001260.png,C:\Users\colla\Documents\Research\Taka\Videos\Type1_Vid1.mp4,1260,21.0,300,270,C:\Users\colla\Documents\Research\Taka\FINAL\runs\Type1_Vid1_roi.json,roi_001,790,1420,300,270,128,0.0
Type1_Vid1_Type1_Vid1_roi_roi_001_frame_0001350.png,C:\Users\colla\Documents\Research\Taka\FINAL\runs\Type1_Vid1_labels\selected_frames\Type1_Vid1_Type1_Vid1_roi_roi_001_frame_0001350.png,C:\Users\colla\Documents\Research\Taka\Videos\Type1_Vid1.mp4,1350,22.5,300,270,C:\Users\colla\Documents\Research\Taka\FINAL\runs\Type1_Vid1_roi.json,roi_001,790,1420,300,270,81,0.0
Type1_Vid1_Type1_Vid1_roi_roi_001_frame_0001440.png,C:\Users\colla\Documents\Research\Taka\FINAL\runs\Type1_Vid1_labels\selected_frames\Type1_Vid1_Type1_Vid1_roi_roi_001_frame_0001440.png,C:\Users\colla\Documents\Research\Taka\Videos\Type1_Vid1.mp4,1440,24.0,300,270,C:\Users\colla\Documents\Research\Taka\FINAL\runs\Type1_Vid1_roi.json,roi_001,790,1420,300,270,96,0.0
Type1_Vid1_Type1_Vid1_roi_roi_001_frame_0001530.png,C:\Users\colla\Documents\Research\Taka\FINAL\runs\Type1_Vid1_labels\selected_frames\Type1_Vid1_Type1_Vid1_roi_roi_001_frame_0001530.png,C:\Users\colla\Documents\Research\Taka\Videos\Type1_Vid1.mp4,1530,25.5,300,270,C:\Users\colla\Documents\Research\Taka\FINAL\runs\Type1_Vid1_roi.json,roi_001,790,1420,300,270,113,0.0
Type1_Vid1_Type1_Vid1_roi_roi_001_frame_0001620.png,C:\Users\colla\Documents\Research\Taka\FINAL\runs\Type1_Vid1_labels\selected_frames\Type1_Vid1_Type1_Vid1_roi_roi_001_frame_0001620.png,C:\Users\colla\Documents\Research\Taka\Videos\Type1_Vid1.mp4,1620,27.0,300,270,C:\Users\colla\Documents\Research\Taka\FINAL\runs\Type1_Vid1_roi.json,roi_001,790,1420,300,270,47,0.0
Type1_Vid1_Type1_Vid1_roi_roi_001_frame_0001710.png,C:\Users\colla\Documents\Research\Taka\FINAL\runs\Type1_Vid1_labels\selected_frames\Type1_Vid1_Type1_Vid1_roi_roi_001_frame_0001710.png,C:\Users\colla\Documents\Research\Taka\Videos\Type1_Vid1.mp4,1710,28.5,300,270,C:\Users\colla\Documents\Research\Taka\FINAL\runs\Type1_Vid1_roi.json,roi_001,790,1420,300,270,135,0.0
Type1_Vid1_Type1_Vid1_roi_roi_001_frame_0001800.png,C:\Users\colla\Documents\Research\Taka\FINAL\runs\Type1_Vid1_labels\selected_frames\Type1_Vid1_Type1_Vid1_roi_roi_001_frame_0001800.png,C:\Users\colla\Documents\Research\Taka\Videos\Type1_Vid1.mp4,1800,30.0,300,270,C:\Users\colla\Documents\Research\Taka\FINAL\runs\Type1_Vid1_roi.json,roi_001,790,1420,300,270,63,0.0
Type1_Vid1_Type1_Vid1_roi_roi_001_frame_0001890.png,C:\Users\colla\Documents\Research\Taka\FINAL\runs\Type1_Vid1_labels\selected_frames\Type1_Vid1_Type1_Vid1_roi_roi_001_frame_0001890.png,C:\Users\colla\Documents\Research\Taka\Videos\Type1_Vid1.mp4,1890,31.5,300,270,C:\Users\colla\Documents\Research\Taka\FINAL\runs\Type1_Vid1_roi.json,roi_001,790,1420,300,270,38,0.0
Type1_Vid1_Type1_Vid1_roi_roi_001_frame_0001980.png,C:\Users\colla\Documents\Research\Taka\FINAL\runs\Type1_Vid1_labels\selected_frames\Type1_Vid1_Type1_Vid1_roi_roi_001_frame_0001980.png,C:\Users\colla\Documents\Research\Taka\Videos\Type1_Vid1.mp4,1980,33.0,300,270,C:\Users\colla\Documents\Research\Taka\FINAL\runs\Type1_Vid1_roi.json,roi_001,790,1420,300,270,42,0.0
Type1_Vid1_Type1_Vid1_roi_roi_001_frame_0002070.png,C:\Users\colla\Documents\Research\Taka\FINAL\runs\Type1_Vid1_labels\selected_frames\Type1_Vid1_Type1_Vid1_roi_roi_001_frame_0002070.png,C:\Users\colla\Documents\Research\Taka\Videos\Type1_Vid1.mp4,2070,34.5,300,270,C:\Users\colla\Documents\Research\Taka\FINAL\runs\Type1_Vid1_roi.json,roi_001,790,1420,300,270,21,0.0
Type1_Vid1_Type1_Vid1_roi_roi_001_frame_0002160.png,C:\Users\colla\Documents\Research\Taka\FINAL\runs\Type1_Vid1_labels\selected_frames\Type1_Vid1_Type1_Vid1_roi_roi_001_frame_0002160.png,C:\Users\colla\Documents\Research\Taka\Videos\Type1_Vid1.mp4,2160,36.0,300,270,C:\Users\colla\Documents\Research\Taka\FINAL\runs\Type1_Vid1_roi.json,roi_001,790,1420,300,270,18,0.0
Type1_Vid1_Type1_Vid1_roi_roi_001_frame_0002250.png,C:\Users\colla\Documents\Research\Taka\FINAL\runs\Type1_Vid1_labels\selected_frames\Type1_Vid1_Type1_Vid1_roi_roi_001_frame_0002250.png,C:\Users\colla\Documents\Research\Taka\Videos\Type1_Vid1.mp4,2250,37.5,300,270,C:\Users\colla\Documents\Research\Taka\FINAL\runs\Type1_Vid1_roi.json,roi_001,790,1420,300,270,30,0.0
Type1_Vid1_Type1_Vid1_roi_roi_001_frame_0002340.png,C:\Users\colla\Documents\Research\Taka\FINAL\runs\Type1_Vid1_labels\selected_frames\Type1_Vid1_Type1_Vid1_roi_roi_001_frame_0002340.png,C:\Users\colla\Documents\Research\Taka\Videos\Type1_Vid1.mp4,2340,39.0,300,270,C:\Users\colla\Documents\Research\Taka\FINAL\runs\Type1_Vid1_roi.json,roi_001,790,1420,300,270,43,0.0
Type1_Vid1_Type1_Vid1_roi_roi_001_frame_0002430.png,C:\Users\colla\Documents\Research\Taka\FINAL\runs\Type1_Vid1_labels\selected_frames\Type1_Vid1_Type1_Vid1_roi_roi_001_frame_0002430.png,C:\Users\colla\Documents\Research\Taka\Videos\Type1_Vid1.mp4,2430,40.5,300,270,C:\Users\colla\Documents\Research\Taka\FINAL\runs\Type1_Vid1_roi.json,roi_001,790,1420,300,270,8,0.0
Type1_Vid1_Type1_Vid1_roi_roi_001_frame_0002520.png,C:\Users\colla\Documents\Research\Taka\FINAL\runs\Type1_Vid1_labels\selected_frames\Type1_Vid1_Type1_Vid1_roi_roi_001_frame_0002520.png,C:\Users\colla\Documents\Research\Taka\Videos\Type1_Vid1.mp4,2520,42.0,300,270,C:\Users\colla\Documents\Research\Taka\FINAL\runs\Type1_Vid1_roi.json,roi_001,790,1420,300,270,32,0.0
Type1_Vid1_Type1_Vid1_roi_roi_001_frame_0002610.png,C:\Users\colla\Documents\Research\Taka\FINAL\runs\Type1_Vid1_labels\selected_frames\Type1_Vid1_Type1_Vid1_roi_roi_001_frame_0002610.png,C:\Users\colla\Documents\Research\Taka\Videos\Type1_Vid1.mp4,2610,43.5,300,270,C:\Users\colla\Documents\Research\Taka\FINAL\runs\Type1_Vid1_roi.json,roi_001,790,1420,300,270,7,0.0
Type1_Vid1_Type1_Vid1_roi_roi_001_frame_0002700.png,C:\Users\colla\Documents\Research\Taka\FINAL\runs\Type1_Vid1_labels\selected_frames\Type1_Vid1_Type1_Vid1_roi_roi_001_frame_0002700.png,C:\Users\colla\Documents\Research\Taka\Videos\Type1_Vid1.mp4,2700,45.0,300,270,C:\Users\colla\Documents\Research\Taka\FINAL\runs\Type1_Vid1_roi.json,roi_001,790,1420,300,270,40,0.0
Type1_Vid1_Type1_Vid1_roi_roi_001_frame_0002790.png,C:\Users\colla\Documents\Research\Taka\FINAL\runs\Type1_Vid1_labels\selected_frames\Type1_Vid1_Type1_Vid1_roi_roi_001_frame_0002790.png,C:\Users\colla\Documents\Research\Taka\Videos\Type1_Vid1.mp4,2790,46.5,300,270,C:\Users\colla\Documents\Research\Taka\FINAL\runs\Type1_Vid1_roi.json,roi_001,790,1420,300,270,46,0.0
Type1_Vid1_Type1_Vid1_roi_roi_001_frame_0002880.png,C:\Users\colla\Documents\Research\Taka\FINAL\runs\Type1_Vid1_labels\selected_frames\Type1_Vid1_Type1_Vid1_roi_roi_001_frame_0002880.png,C:\Users\colla\Documents\Research\Taka\Videos\Type1_Vid1.mp4,2880,48.0,300,270,C:\Users\colla\Documents\Research\Taka\FINAL\runs\Type1_Vid1_roi.json,roi_001,790,1420,300,270,4,0.0
Type1_Vid1_Type1_Vid1_roi_roi_001_frame_0002970.png,C:\Users\colla\Documents\Research\Taka\FINAL\runs\Type1_Vid1_labels\selected_frames\Type1_Vid1_Type1_Vid1_roi_roi_001_frame_0002970.png,C:\Users\colla\Documents\Research\Taka\Videos\Type1_Vid1.mp4,2970,49.5,300,270,C:\Users\colla\Documents\Research\Taka\FINAL\runs\Type1_Vid1_roi.json,roi_001,790,1420,300,270,58,0.0
Type1_Vid1_Type1_Vid1_roi_roi_001_frame_0003060.png,C:\Users\colla\Documents\Research\Taka\FINAL\runs\Type1_Vid1_labels\selected_frames\Type1_Vid1_Type1_Vid1_roi_roi_001_frame_0003060.png,C:\Users\colla\Documents\Research\Taka\Videos\Type1_Vid1.mp4,3060,51.0,300,270,C:\Users\colla\Documents\Research\Taka\FINAL\runs\Type1_Vid1_roi.json,roi_001,790,1420,300,270,19,0.0
Type1_Vid1_Type1_Vid1_roi_roi_001_frame_0003150.png,C:\Users\colla\Documents\Research\Taka\FINAL\runs\Type1_Vid1_labels\selected_frames\Type1_Vid1_Type1_Vid1_roi_roi_001_frame_0003150.png,C:\Users\colla\Documents\Research\Taka\Videos\Type1_Vid1.mp4,3150,52.5,300,270,C:\Users\colla\Documents\Research\Taka\FINAL\runs\Type1_Vid1_roi.json,roi_001,790,1420,300,270,56,0.0
Type1_Vid1_Type1_Vid1_roi_roi_001_frame_0003240.png,C:\Users\colla\Documents\Research\Taka\FINAL\runs\Type1_Vid1_labels\selected_frames\Type1_Vid1_Type1_Vid1_roi_roi_001_frame_0003240.png,C:\Users\colla\Documents\Research\Taka\Videos\Type1_Vid1.mp4,3240,54.0,300,270,C:\Users\colla\Documents\Research\Taka\FINAL\runs\Type1_Vid1_roi.json,roi_001,790,1420,300,270,12,0.0
Type1_Vid1_Type1_Vid1_roi_roi_001_frame_0003330.png,C:\Users\colla\Documents\Research\Taka\FINAL\runs\Type1_Vid1_labels\selected_frames\Type1_Vid1_Type1_Vid1_roi_roi_001_frame_0003330.png,C:\Users\colla\Documents\Research\Taka\Videos\Type1_Vid1.mp4,3330,55.5,300,270,C:\Users\colla\Documents\Research\Taka\FINAL\runs\Type1_Vid1_roi.json,roi_001,790,1420,300,270,25,0.0
Type1_Vid1_Type1_Vid1_roi_roi_001_frame_0003420.png,C:\Users\colla\Documents\Research\Taka\FINAL\runs\Type1_Vid1_labels\selected_frames\Type1_Vid1_Type1_Vid1_roi_roi_001_frame_0003420.png,C:\Users\colla\Documents\Research\Taka\Videos\Type1_Vid1.mp4,3420,57.0,300,270,C:\Users\colla\Documents\Research\Taka\FINAL\runs\Type1_Vid1_roi.json,roi_001,790,1420,300,270,11,0.0
Type1_Vid1_Type1_Vid1_roi_roi_001_frame_0003510.png,C:\Users\colla\Documents\Research\Taka\FINAL\runs\Type1_Vid1_labels\selected_frames\Type1_Vid1_Type1_Vid1_roi_roi_001_frame_0003510.png,C:\Users\colla\Documents\Research\Taka\Videos\Type1_Vid1.mp4,3510,58.5,300,270,C:\Users\colla\Documents\Research\Taka\FINAL\runs\Type1_Vid1_roi.json,roi_001,790,1420,300,270,16,0.0
Type1_Vid1_Type1_Vid1_roi_roi_001_frame_0003600.png,C:\Users\colla\Documents\Research\Taka\FINAL\runs\Type1_Vid1_labels\selected_frames\Type1_Vid1_Type1_Vid1_roi_roi_001_frame_0003600.png,C:\Users\colla\Documents\Research\Taka\Videos\Type1_Vid1.mp4,3600,60.0,300,270,C:\Users\colla\Documents\Research\Taka\FINAL\runs\Type1_Vid1_roi.json,roi_001,790,1420,300,270,35,0.0
Type1_Vid1_Type1_Vid1_roi_roi_001_frame_0003690.png,C:\Users\colla\Documents\Research\Taka\FINAL\runs\Type1_Vid1_labels\selected_frames\Type1_Vid1_Type1_Vid1_roi_roi_001_frame_0003690.png,C:\Users\colla\Documents\Research\Taka\Videos\Type1_Vid1.mp4,3690,61.5,300,270,C:\Users\colla\Documents\Research\Taka\FINAL\runs\Type1_Vid1_roi.json,roi_001,790,1420,300,270,5,0.0
Type1_Vid1_Type1_Vid1_roi_roi_001_frame_0003780.png,C:\Users\colla\Documents\Research\Taka\FINAL\runs\Type1_Vid1_labels\selected_frames\Type1_Vid1_Type1_Vid1_roi_roi_001_frame_0003780.png,C:\Users\colla\Documents\Research\Taka\Videos\Type1_Vid1.mp4,3780,63.0,300,270,C:\Users\colla\Documents\Research\Taka\FINAL\runs\Type1_Vid1_roi.json,roi_001,790,1420,300,270,34,0.0
Type1_Vid1_Type1_Vid1_roi_roi_001_frame_0003870.png,C:\Users\colla\Documents\Research\Taka\FINAL\runs\Type1_Vid1_labels\selected_frames\Type1_Vid1_Type1_Vid1_roi_roi_001_frame_0003870.png,C:\Users\colla\Documents\Research\Taka\Videos\Type1_Vid1.mp4,3870,64.5,300,270,C:\Users\colla\Documents\Research\Taka\FINAL\runs\Type1_Vid1_roi.json,roi_001,790,1420,300,270,53,0.0
Type1_Vid1_Type1_Vid1_roi_roi_001_frame_0003960.png,C:\Users\colla\Documents\Research\Taka\FINAL\runs\Type1_Vid1_labels\selected_frames\Type1_Vid1_Type1_Vid1_roi_roi_001_frame_0003960.png,C:\Users\colla\Documents\Research\Taka\Videos\Type1_Vid1.mp4,3960,66.0,300,270,C:\Users\colla\Documents\Research\Taka\FINAL\runs\Type1_Vid1_roi.json,roi_001,790,1420,300,270,22,0.0
Type1_Vid1_Type1_Vid1_roi_roi_001_frame_0004050.png,C:\Users\colla\Documents\Research\Taka\FINAL\runs\Type1_Vid1_labels\selected_frames\Type1_Vid1_Type1_Vid1_roi_roi_001_frame_0004050.png,C:\Users\colla\Documents\Research\Taka\Videos\Type1_Vid1.mp4,4050,67.5,300,270,C:\Users\colla\Documents\Research\Taka\FINAL\runs\Type1_Vid1_roi.json,roi_001,790,1420,300,270,39,0.0
Type1_Vid1_Type1_Vid1_roi_roi_001_frame_0004140.png,C:\Users\colla\Documents\Research\Taka\FINAL\runs\Type1_Vid1_labels\selected_frames\Type1_Vid1_Type1_Vid1_roi_roi_001_frame_0004140.png,C:\Users\colla\Documents\Research\Taka\Videos\Type1_Vid1.mp4,4140,69.0,300,270,C:\Users\colla\Documents\Research\Taka\FINAL\runs\Type1_Vid1_roi.json,roi_001,790,1420,300,270,2,0.0
Type1_Vid1_Type1_Vid1_roi_roi_001_frame_0004230.png,C:\Users\colla\Documents\Research\Taka\FINAL\runs\Type1_Vid1_labels\selected_frames\Type1_Vid1_Type1_Vid1_roi_roi_001_frame_0004230.png,C:\Users\colla\Documents\Research\Taka\Videos\Type1_Vid1.mp4,4230,70.5,300,270,C:\Users\colla\Documents\Research\Taka\FINAL\runs\Type1_Vid1_roi.json,roi_001,790,1420,300,270,33,0.0
Type1_Vid1_Type1_Vid1_roi_roi_001_frame_0004320.png,C:\Users\colla\Documents\Research\Taka\FINAL\runs\Type1_Vid1_labels\selected_frames\Type1_Vid1_Type1_Vid1_roi_roi_001_frame_0004320.png,C:\Users\colla\Documents\Research\Taka\Videos\Type1_Vid1.mp4,4320,72.0,300,270,C:\Users\colla\Documents\Research\Taka\FINAL\runs\Type1_Vid1_roi.json,roi_001,790,1420,300,270,15,0.0
Type1_Vid1_Type1_Vid1_roi_roi_001_frame_0004410.png,C:\Users\colla\Documents\Research\Taka\FINAL\runs\Type1_Vid1_labels\selected_frames\Type1_Vid1_Type1_Vid1_roi_roi_001_frame_0004410.png,C:\Users\colla\Documents\Research\Taka\Videos\Type1_Vid1.mp4,4410,73.5,300,270,C:\Users\colla\Documents\Research\Taka\FINAL\runs\Type1_Vid1_roi.json,roi_001,790,1420,300,270,24,0.0
Type1_Vid1_Type1_Vid1_roi_roi_001_frame_0004500.png,C:\Users\colla\Documents\Research\Taka\FINAL\runs\Type1_Vid1_labels\selected_frames\Type1_Vid1_Type1_Vid1_roi_roi_001_frame_0004500.png,C:\Users\colla\Documents\Research\Taka\Videos\Type1_Vid1.mp4,4500,75.0,300,270,C:\Users\colla\Documents\Research\Taka\FINAL\runs\Type1_Vid1_roi.json,roi_001,790,1420,300,270,36,0.0
Type1_Vid1_Type1_Vid1_roi_roi_001_frame_0004590.png,C:\Users\colla\Documents\Research\Taka\FINAL\runs\Type1_Vid1_labels\selected_frames\Type1_Vid1_Type1_Vid1_roi_roi_001_frame_0004590.png,C:\Users\colla\Documents\Research\Taka\Videos\Type1_Vid1.mp4,4590,76.5,300,270,C:\Users\colla\Documents\Research\Taka\FINAL\runs\Type1_Vid1_roi.json,roi_001,790,1420,300,270,44,0.0
Type1_Vid1_Type1_Vid1_roi_roi_001_frame_0004680.png,C:\Users\colla\Documents\Research\Taka\FINAL\runs\Type1_Vid1_labels\selected_frames\Type1_Vid1_Type1_Vid1_roi_roi_001_frame_0004680.png,C:\Users\colla\Documents\Research\Taka\Videos\Type1_Vid1.mp4,4680,78.0,300,270,C:\Users\colla\Documents\Research\Taka\FINAL\runs\Type1_Vid1_roi.json,roi_001,790,1420,300,270,3,0.0
Type1_Vid1_Type1_Vid1_roi_roi_001_frame_0004770.png,C:\Users\colla\Documents\Research\Taka\FINAL\runs\Type1_Vid1_labels\selected_frames\Type1_Vid1_Type1_Vid1_roi_roi_001_frame_0004770.png,C:\Users\colla\Documents\Research\Taka\Videos\Type1_Vid1.mp4,4770,79.5,300,270,C:\Users\colla\Documents\Research\Taka\FINAL\runs\Type1_Vid1_roi.json,roi_001,790,1420,300,270,37,0.0
Type1_Vid1_Type1_Vid1_roi_roi_001_frame_0004860.png,C:\Users\colla\Documents\Research\Taka\FINAL\runs\Type1_Vid1_labels\selected_frames\Type1_Vid1_Type1_Vid1_roi_roi_001_frame_0004860.png,C:\Users\colla\Documents\Research\Taka\Videos\Type1_Vid1.mp4,4860,81.0,300,270,C:\Users\colla\Documents\Research\Taka\FINAL\runs\Type1_Vid1_roi.json,roi_001,790,1420,300,270,29,0.0
Type1_Vid1_Type1_Vid1_roi_roi_001_frame_0004950.png,C:\Users\colla\Documents\Research\Taka\FINAL\runs\Type1_Vid1_labels\selected_frames\Type1_Vid1_Type1_Vid1_roi_roi_001_frame_0004950.png,C:\Users\colla\Documents\Research\Taka\Videos\Type1_Vid1.mp4,4950,82.5,300,270,C:\Users\colla\Documents\Research\Taka\FINAL\runs\Type1_Vid1_roi.json,roi_001,790,1420,300,270,31,0.0
Type1_Vid1_Type1_Vid1_roi_roi_001_frame_0005040.png,C:\Users\colla\Documents\Research\Taka\FINAL\runs\Type1_Vid1_labels\selected_frames\Type1_Vid1_Type1_Vid1_roi_roi_001_frame_0005040.png,C:\Users\colla\Documents\Research\Taka\Videos\Type1_Vid1.mp4,5040,84.0,300,270,C:\Users\colla\Documents\Research\Taka\FINAL\runs\Type1_Vid1_roi.json,roi_001,790,1420,300,270,26,0.0
Type1_Vid1_Type1_Vid1_roi_roi_001_frame_0005130.png,C:\Users\colla\Documents\Research\Taka\FINAL\runs\Type1_Vid1_labels\selected_frames\Type1_Vid1_Type1_Vid1_roi_roi_001_frame_0005130.png,C:\Users\colla\Documents\Research\Taka\Videos\Type1_Vid1.mp4,5130,85.5,300,270,C:\Users\colla\Documents\Research\Taka\FINAL\runs\Type1_Vid1_roi.json,roi_001,790,1420,300,270,14,0.0
Type1_Vid1_Type1_Vid1_roi_roi_001_frame_0005220.png,C:\Users\colla\Documents\Research\Taka\FINAL\runs\Type1_Vid1_labels\selected_frames\Type1_Vid1_Type1_Vid1_roi_roi_001_frame_0005220.png,C:\Users\colla\Documents\Research\Taka\Videos\Type1_Vid1.mp4,5220,87.0,300,270,C:\Users\colla\Documents\Research\Taka\FINAL\runs\Type1_Vid1_roi.json,roi_001,790,1420,300,270,23,0.0
Type1_Vid1_Type1_Vid1_roi_roi_001_frame_0005310.png,C:\Users\colla\Documents\Research\Taka\FINAL\runs\Type1_Vid1_labels\selected_frames\Type1_Vid1_Type1_Vid1_roi_roi_001_frame_0005310.png,C:\Users\colla\Documents\Research\Taka\Videos\Type1_Vid1.mp4,5310,88.5,300,270,C:\Users\colla\Documents\Research\Taka\FINAL\runs\Type1_Vid1_roi.json,roi_001,790,1420,300,270,6,0.0
Type1_Vid1_Type1_Vid1_roi_roi_001_frame_0005400.png,C:\Users\colla\Documents\Research\Taka\FINAL\runs\Type1_Vid1_labels\selected_frames\Type1_Vid1_Type1_Vid1_roi_roi_001_frame_0005400.png,C:\Users\colla\Documents\Research\Taka\Videos\Type1_Vid1.mp4,5400,90.0,300,270,C:\Users\colla\Documents\Research\Taka\FINAL\runs\Type1_Vid1_roi.json,roi_001,790,1420,300,270,20,0.0
Type1_Vid1_Type1_Vid1_roi_roi_001_frame_0005490.png,C:\Users\colla\Documents\Research\Taka\FINAL\runs\Type1_Vid1_labels\selected_frames\Type1_Vid1_Type1_Vid1_roi_roi_001_frame_0005490.png,C:\Users\colla\Documents\Research\Taka\Videos\Type1_Vid1.mp4,5490,91.5,300,270,C:\Users\colla\Documents\Research\Taka\FINAL\runs\Type1_Vid1_roi.json,roi_001,790,1420,300,270,9,0.0
Type1_Vid1_Type1_Vid1_roi_roi_001_frame_0005580.png,C:\Users\colla\Documents\Research\Taka\FINAL\runs\Type1_Vid1_labels\selected_frames\Type1_Vid1_Type1_Vid1_roi_roi_001_frame_0005580.png,C:\Users\colla\Documents\Research\Taka\Videos\Type1_Vid1.mp4,5580,93.0,300,270,C:\Users\colla\Documents\Research\Taka\FINAL\runs\Type1_Vid1_roi.json,roi_001,790,1420,300,270,28,0.0
Type1_Vid1_Type1_Vid1_roi_roi_001_frame_0005670.png,C:\Users\colla\Documents\Research\Taka\FINAL\runs\Type1_Vid1_labels\selected_frames\Type1_Vid1_Type1_Vid1_roi_roi_001_frame_0005670.png,C:\Users\colla\Documents\Research\Taka\Videos\Type1_Vid1.mp4,5670,94.5,300,270,C:\Users\colla\Documents\Research\Taka\FINAL\runs\Type1_Vid1_roi.json,roi_001,790,1420,300,270,13,0.0
Type1_Vid1_Type1_Vid1_roi_roi_001_frame_0005760.png,C:\Users\colla\Documents\Research\Taka\FINAL\runs\Type1_Vid1_labels\selected_frames\Type1_Vid1_Type1_Vid1_roi_roi_001_frame_0005760.png,C:\Users\colla\Documents\Research\Taka\Videos\Type1_Vid1.mp4,5760,96.0,300,270,C:\Users\colla\Documents\Research\Taka\FINAL\runs\Type1_Vid1_roi.json,roi_001,790,1420,300,270,27,0.0
Type1_Vid1_Type1_Vid1_roi_roi_001_frame_0005850.png,C:\Users\colla\Documents\Research\Taka\FINAL\runs\Type1_Vid1_labels\selected_frames\Type1_Vid1_Type1_Vid1_roi_roi_001_frame_0005850.png,C:\Users\colla\Documents\Research\Taka\Videos\Type1_Vid1.mp4,5850,97.5,300,270,C:\Users\colla\Documents\Research\Taka\FINAL\runs\Type1_Vid1_roi.json,roi_001,790,1420,300,270,10,0.0
Type1_Vid1_Type1_Vid1_roi_roi_001_frame_0005940.png,C:\Users\colla\Documents\Research\Taka\FINAL\runs\Type1_Vid1_labels\selected_frames\Type1_Vid1_Type1_Vid1_roi_roi_001_frame_0005940.png,C:\Users\colla\Documents\Research\Taka\Videos\Type1_Vid1.mp4,5940,99.0,300,270,C:\Users\colla\Documents\Research\Taka\FINAL\runs\Type1_Vid1_roi.json,roi_001,790,1420,300,270,48,0.0
Type1_Vid1_Type1_Vid1_roi_roi_001_frame_0006030.png,C:\Users\colla\Documents\Research\Taka\FINAL\runs\Type1_Vid1_labels\selected_frames\Type1_Vid1_Type1_Vid1_roi_roi_001_frame_0006030.png,C:\Users\colla\Documents\Research\Taka\Videos\Type1_Vid1.mp4,6030,100.5,300,270,C:\Users\colla\Documents\Research\Taka\FINAL\runs\Type1_Vid1_roi.json,roi_001,790,1420,300,270,17,0.0
Type1_Vid1_Type1_Vid1_roi_roi_001_frame_0006120.png,C:\Users\colla\Documents\Research\Taka\FINAL\runs\Type1_Vid1_labels\selected_frames\Type1_Vid1_Type1_Vid1_roi_roi_001_frame_0006120.png,C:\Users\colla\Documents\Research\Taka\Videos\Type1_Vid1.mp4,6120,102.0,300,270,C:\Users\colla\Documents\Research\Taka\FINAL\runs\Type1_Vid1_roi.json,roi_001,790,1420,300,270,110,0.0
Type1_Vid1_Type1_Vid1_roi_roi_001_frame_0006210.png,C:\Users\colla\Documents\Research\Taka\FINAL\runs\Type1_Vid1_labels\selected_frames\Type1_Vid1_Type1_Vid1_roi_roi_001_frame_0006210.png,C:\Users\colla\Documents\Research\Taka\Videos\Type1_Vid1.mp4,6210,103.5,300,270,C:\Users\colla\Documents\Research\Taka\FINAL\runs\Type1_Vid1_roi.json,roi_001,790,1420,300,270,131,0.0
Type1_Vid1_Type1_Vid1_roi_roi_001_frame_0006300.png,C:\Users\colla\Documents\Research\Taka\FINAL\runs\Type1_Vid1_labels\selected_frames\Type1_Vid1_Type1_Vid1_roi_roi_001_frame_0006300.png,C:\Users\colla\Documents\Research\Taka\Videos\Type1_Vid1.mp4,6300,105.0,300,270,C:\Users\colla\Documents\Research\Taka\FINAL\runs\Type1_Vid1_roi.json,roi_001,790,1420,300,270,106,0.0
Type1_Vid1_Type1_Vid1_roi_roi_001_frame_0006390.png,C:\Users\colla\Documents\Research\Taka\FINAL\runs\Type1_Vid1_labels\selected_frames\Type1_Vid1_Type1_Vid1_roi_roi_001_frame_0006390.png,C:\Users\colla\Documents\Research\Taka\Videos\Type1_Vid1.mp4,6390,106.5,300,270,C:\Users\colla\Documents\Research\Taka\FINAL\runs\Type1_Vid1_roi.json,roi_001,790,1420,300,270,247,0.0
Type1_Vid1_Type1_Vid1_roi_roi_001_frame_0006480.png,C:\Users\colla\Documents\Research\Taka\FINAL\runs\Type1_Vid1_labels\selected_frames\Type1_Vid1_Type1_Vid1_roi_roi_001_frame_0006480.png,C:\Users\colla\Documents\Research\Taka\Videos\Type1_Vid1.mp4,6480,108.0,300,270,C:\Users\colla\Documents\Research\Taka\FINAL\runs\Type1_Vid1_roi.json,roi_001,790,1420,300,270,102,0.0
Type1_Vid1_Type1_Vid1_roi_roi_001_frame_0006570.png,C:\Users\colla\Documents\Research\Taka\FINAL\runs\Type1_Vid1_labels\selected_frames\Type1_Vid1_Type1_Vid1_roi_roi_001_frame_0006570.png,C:\Users\colla\Documents\Research\Taka\Videos\Type1_Vid1.mp4,6570,109.5,300,270,C:\Users\colla\Documents\Research\Taka\FINAL\runs\Type1_Vid1_roi.json,roi_001,790,1420,300,270,77,0.0
Type1_Vid1_Type1_Vid1_roi_roi_001_frame_0006660.png,C:\Users\colla\Documents\Research\Taka\FINAL\runs\Type1_Vid1_labels\selected_frames\Type1_Vid1_Type1_Vid1_roi_roi_001_frame_0006660.png,C:\Users\colla\Documents\Research\Taka\Videos\Type1_Vid1.mp4,6660,111.0,300,270,C:\Users\colla\Documents\Research\Taka\FINAL\runs\Type1_Vid1_roi.json,roi_001,790,1420,300,270,241,0.0
Type1_Vid1_Type1_Vid1_roi_roi_001_frame_0006750.png,C:\Users\colla\Documents\Research\Taka\FINAL\runs\Type1_Vid1_labels\selected_frames\Type1_Vid1_Type1_Vid1_roi_roi_001_frame_0006750.png,C:\Users\colla\Documents\Research\Taka\Videos\Type1_Vid1.mp4,6750,112.5,300,270,C:\Users\colla\Documents\Research\Taka\FINAL\runs\Type1_Vid1_roi.json,roi_001,790,1420,300,270,75,0.0
Type1_Vid1_Type1_Vid1_roi_roi_001_frame_0006840.png,C:\Users\colla\Documents\Research\Taka\FINAL\runs\Type1_Vid1_labels\selected_frames\Type1_Vid1_Type1_Vid1_roi_roi_001_frame_0006840.png,C:\Users\colla\Documents\Research\Taka\Videos\Type1_Vid1.mp4,6840,114.0,300,270,C:\Users\colla\Documents\Research\Taka\FINAL\runs\Type1_Vid1_roi.json,roi_001,790,1420,300,270,125,0.0
Type1_Vid1_Type1_Vid1_roi_roi_001_frame_0006930.png,C:\Users\colla\Documents\Research\Taka\FINAL\runs\Type1_Vid1_labels\selected_frames\Type1_Vid1_Type1_Vid1_roi_roi_001_frame_0006930.png,C:\Users\colla\Documents\Research\Taka\Videos\Type1_Vid1.mp4,6930,115.5,300,270,C:\Users\colla\Documents\Research\Taka\FINAL\runs\Type1_Vid1_roi.json,roi_001,790,1420,300,270,104,0.0
Type1_Vid1_Type1_Vid1_roi_roi_001_frame_0007020.png,C:\Users\colla\Documents\Research\Taka\FINAL\runs\Type1_Vid1_labels\selected_frames\Type1_Vid1_Type1_Vid1_roi_roi_001_frame_0007020.png,C:\Users\colla\Documents\Research\Taka\Videos\Type1_Vid1.mp4,7020,117.0,300,270,C:\Users\colla\Documents\Research\Taka\FINAL\runs\Type1_Vid1_roi.json,roi_001,790,1420,300,270,198,0.0
Type1_Vid1_Type1_Vid1_roi_roi_001_frame_0007110.png,C:\Users\colla\Documents\Research\Taka\FINAL\runs\Type1_Vid1_labels\selected_frames\Type1_Vid1_Type1_Vid1_roi_roi_001_frame_0007110.png,C:\Users\colla\Documents\Research\Taka\Videos\Type1_Vid1.mp4,7110,118.5,300,270,C:\Users\colla\Documents\Research\Taka\FINAL\runs\Type1_Vid1_roi.json,roi_001,790,1420,300,270,216,0.0
Type1_Vid1_Type1_Vid1_roi_roi_001_frame_0007200.png,C:\Users\colla\Documents\Research\Taka\FINAL\runs\Type1_Vid1_labels\selected_frames\Type1_Vid1_Type1_Vid1_roi_roi_001_frame_0007200.png,C:\Users\colla\Documents\Research\Taka\Videos\Type1_Vid1.mp4,7200,120.0,300,270,C:\Users\colla\Documents\Research\Taka\FINAL\runs\Type1_Vid1_roi.json,roi_001,790,1420,300,270,124,0.0
Type1_Vid1_Type1_Vid1_roi_roi_001_frame_0007290.png,C:\Users\colla\Documents\Research\Taka\FINAL\runs\Type1_Vid1_labels\selected_frames\Type1_Vid1_Type1_Vid1_roi_roi_001_frame_0007290.png,C:\Users\colla\Documents\Research\Taka\Videos\Type1_Vid1.mp4,7290,121.5,300,270,C:\Users\colla\Documents\Research\Taka\FINAL\runs\Type1_Vid1_roi.json,roi_001,790,1420,300,270,194,0.0
Type1_Vid1_Type1_Vid1_roi_roi_001_frame_0007380.png,C:\Users\colla\Documents\Research\Taka\FINAL\runs\Type1_Vid1_labels\selected_frames\Type1_Vid1_Type1_Vid1_roi_roi_001_frame_0007380.png,C:\Users\colla\Documents\Research\Taka\Videos\Type1_Vid1.mp4,7380,123.0,300,270,C:\Users\colla\Documents\Research\Taka\FINAL\runs\Type1_Vid1_roi.json,roi_001,790,1420,300,270,114,0.0
Type1_Vid1_Type1_Vid1_roi_roi_001_frame_0007470.png,C:\Users\colla\Documents\Research\Taka\FINAL\runs\Type1_Vid1_labels\selected_frames\Type1_Vid1_Type1_Vid1_roi_roi_001_frame_0007470.png,C:\Users\colla\Documents\Research\Taka\Videos\Type1_Vid1.mp4,7470,124.5,300,270,C:\Users\colla\Documents\Research\Taka\FINAL\runs\Type1_Vid1_roi.json,roi_001,790,1420,300,270,157,0.0
Type1_Vid1_Type1_Vid1_roi_roi_001_frame_0007560.png,C:\Users\colla\Documents\Research\Taka\FINAL\runs\Type1_Vid1_labels\selected_frames\Type1_Vid1_Type1_Vid1_roi_roi_001_frame_0007560.png,C:\Users\colla\Documents\Research\Taka\Videos\Type1_Vid1.mp4,7560,126.0,300,270,C:\Users\colla\Documents\Research\Taka\FINAL\runs\Type1_Vid1_roi.json,roi_001,790,1420,300,270,147,0.0
Type1_Vid1_Type1_Vid1_roi_roi_001_frame_0007650.png,C:\Users\colla\Documents\Research\Taka\FINAL\runs\Type1_Vid1_labels\selected_frames\Type1_Vid1_Type1_Vid1_roi_roi_001_frame_0007650.png,C:\Users\colla\Documents\Research\Taka\Videos\Type1_Vid1.mp4,7650,127.5,300,270,C:\Users\colla\Documents\Research\Taka\FINAL\runs\Type1_Vid1_roi.json,roi_001,790,1420,300,270,174,0.0
Type1_Vid1_Type1_Vid1_roi_roi_001_frame_0007740.png,C:\Users\colla\Documents\Research\Taka\FINAL\runs\Type1_Vid1_labels\selected_frames\Type1_Vid1_Type1_Vid1_roi_roi_001_frame_0007740.png,C:\Users\colla\Documents\Research\Taka\Videos\Type1_Vid1.mp4,7740,129.0,300,270,C:\Users\colla\Documents\Research\Taka\FINAL\runs\Type1_Vid1_roi.json,roi_001,790,1420,300,270,207,0.0
Type1_Vid1_Type1_Vid1_roi_roi_001_frame_0007830.png,C:\Users\colla\Documents\Research\Taka\FINAL\runs\Type1_Vid1_labels\selected_frames\Type1_Vid1_Type1_Vid1_roi_roi_001_frame_0007830.png,C:\Users\colla\Documents\Research\Taka\Videos\Type1_Vid1.mp4,7830,130.5,300,270,C:\Users\colla\Documents\Research\Taka\FINAL\runs\Type1_Vid1_roi.json,roi_001,790,1420,300,270,100,0.0
Type1_Vid1_Type1_Vid1_roi_roi_001_frame_0007920.png,C:\Users\colla\Documents\Research\Taka\FINAL\runs\Type1_Vid1_labels\selected_frames\Type1_Vid1_Type1_Vid1_roi_roi_001_frame_0007920.png,C:\Users\colla\Documents\Research\Taka\Videos\Type1_Vid1.mp4,7920,132.0,300,270,C:\Users\colla\Documents\Research\Taka\FINAL\runs\Type1_Vid1_roi.json,roi_001,790,1420,300,270,189,0.0
Type1_Vid1_Type1_Vid1_roi_roi_001_frame_0008010.png,C:\Users\colla\Documents\Research\Taka\FINAL\runs\Type1_Vid1_labels\selected_frames\Type1_Vid1_Type1_Vid1_roi_roi_001_frame_0008010.png,C:\Users\colla\Documents\Research\Taka\Videos\Type1_Vid1.mp4,8010,133.5,300,270,C:\Users\colla\Documents\Research\Taka\FINAL\runs\Type1_Vid1_roi.json,roi_001,790,1420,300,270,127,0.0
Type1_Vid1_Type1_Vid1_roi_roi_001_frame_0008100.png,C:\Users\colla\Documents\Research\Taka\FINAL\runs\Type1_Vid1_labels\selected_frames\Type1_Vid1_Type1_Vid1_roi_roi_001_frame_0008100.png,C:\Users\colla\Documents\Research\Taka\Videos\Type1_Vid1.mp4,8100,135.0,300,270,C:\Users\colla\Documents\Research\Taka\FINAL\runs\Type1_Vid1_roi.json,roi_001,790,1420,300,270,133,0.0
Type1_Vid1_Type1_Vid1_roi_roi_001_frame_0008190.png,C:\Users\colla\Documents\Research\Taka\FINAL\runs\Type1_Vid1_labels\selected_frames\Type1_Vid1_Type1_Vid1_roi_roi_001_frame_0008190.png,C:\Users\colla\Documents\Research\Taka\Videos\Type1_Vid1.mp4,8190,136.5,300,270,C:\Users\colla\Documents\Research\Taka\FINAL\runs\Type1_Vid1_roi.json,roi_001,790,1420,300,270,170,0.0
Type1_Vid1_Type1_Vid1_roi_roi_001_frame_0008280.png,C:\Users\colla\Documents\Research\Taka\FINAL\runs\Type1_Vid1_labels\selected_frames\Type1_Vid1_Type1_Vid1_roi_roi_001_frame_0008280.png,C:\Users\colla\Documents\Research\Taka\Videos\Type1_Vid1.mp4,8280,138.0,300,270,C:\Users\colla\Documents\Research\Taka\FINAL\runs\Type1_Vid1_roi.json,roi_001,790,1420,300,270,65,0.0
Type1_Vid1_Type1_Vid1_roi_roi_001_frame_0008370.png,C:\Users\colla\Documents\Research\Taka\FINAL\runs\Type1_Vid1_labels\selected_frames\Type1_Vid1_Type1_Vid1_roi_roi_001_frame_0008370.png,C:\Users\colla\Documents\Research\Taka\Videos\Type1_Vid1.mp4,8370,139.5,300,270,C:\Users\colla\Documents\Research\Taka\FINAL\runs\Type1_Vid1_roi.json,roi_001,790,1420,300,270,107,0.0
Type1_Vid1_Type1_Vid1_roi_roi_001_frame_0008460.png,C:\Users\colla\Documents\Research\Taka\FINAL\runs\Type1_Vid1_labels\selected_frames\Type1_Vid1_Type1_Vid1_roi_roi_001_frame_0008460.png,C:\Users\colla\Documents\Research\Taka\Videos\Type1_Vid1.mp4,8460,141.0,300,270,C:\Users\colla\Documents\Research\Taka\FINAL\runs\Type1_Vid1_roi.json,roi_001,790,1420,300,270,70,0.0
Type1_Vid1_Type1_Vid1_roi_roi_001_frame_0008550.png,C:\Users\colla\Documents\Research\Taka\FINAL\runs\Type1_Vid1_labels\selected_frames\Type1_Vid1_Type1_Vid1_roi_roi_001_frame_0008550.png,C:\Users\colla\Documents\Research\Taka\Videos\Type1_Vid1.mp4,8550,142.5,300,270,C:\Users\colla\Documents\Research\Taka\FINAL\runs\Type1_Vid1_roi.json,roi_001,790,1420,300,270,168,0.0
Type1_Vid1_Type1_Vid1_roi_roi_001_frame_0008640.png,C:\Users\colla\Documents\Research\Taka\FINAL\runs\Type1_Vid1_labels\selected_frames\Type1_Vid1_Type1_Vid1_roi_roi_001_frame_0008640.png,C:\Users\colla\Documents\Research\Taka\Videos\Type1_Vid1.mp4,8640,144.0,300,270,C:\Users\colla\Documents\Research\Taka\FINAL\runs\Type1_Vid1_roi.json,roi_001,790,1420,300,270,230,0.0
Type1_Vid1_Type1_Vid1_roi_roi_001_frame_0008730.png,C:\Users\colla\Documents\Research\Taka\FINAL\runs\Type1_Vid1_labels\selected_frames\Type1_Vid1_Type1_Vid1_roi_roi_001_frame_0008730.png,C:\Users\colla\Documents\Research\Taka\Videos\Type1_Vid1.mp4,8730,145.5,300,270,C:\Users\colla\Documents\Research\Taka\FINAL\runs\Type1_Vid1_roi.json,roi_001,790,1420,300,270,1,0.0
Type1_Vid1_Type1_Vid1_roi_roi_001_frame_0008820.png,C:\Users\colla\Documents\Research\Taka\FINAL\runs\Type1_Vid1_labels\selected_frames\Type1_Vid1_Type1_Vid1_roi_roi_001_frame_0008820.png,C:\Users\colla\Documents\Research\Taka\Videos\Type1_Vid1.mp4,8820,147.0,300,270,C:\Users\colla\Documents\Research\Taka\FINAL\runs\Type1_Vid1_roi.json,roi_001,790,1420,300,270,227,0.0
Type1_Vid1_Type1_Vid1_roi_roi_001_frame_0008910.png,C:\Users\colla\Documents\Research\Taka\FINAL\runs\Type1_Vid1_labels\selected_frames\Type1_Vid1_Type1_Vid1_roi_roi_001_frame_0008910.png,C:\Users\colla\Documents\Research\Taka\Videos\Type1_Vid1.mp4,8910,148.5,300,270,C:\Users\colla\Documents\Research\Taka\FINAL\runs\Type1_Vid1_roi.json,roi_001,790,1420,300,270,244,0.0
Type1_Vid1_Type1_Vid1_roi_roi_001_frame_0009000.png,C:\Users\colla\Documents\Research\Taka\FINAL\runs\Type1_Vid1_labels\selected_frames\Type1_Vid1_Type1_Vid1_roi_roi_001_frame_0009000.png,C:\Users\colla\Documents\Research\Taka\Videos\Type1_Vid1.mp4,9000,150.0,300,270,C:\Users\colla\Documents\Research\Taka\FINAL\runs\Type1_Vid1_roi.json,roi_001,790,1420,300,270,92,0.0
Type1_Vid1_Type1_Vid1_roi_roi_001_frame_0009090.png,C:\Users\colla\Documents\Research\Taka\FINAL\runs\Type1_Vid1_labels\selected_frames\Type1_Vid1_Type1_Vid1_roi_roi_001_frame_0009090.png,C:\Users\colla\Documents\Research\Taka\Videos\Type1_Vid1.mp4,9090,151.5,300,270,C:\Users\colla\Documents\Research\Taka\FINAL\runs\Type1_Vid1_roi.json,roi_001,790,1420,300,270,45,0.0
Type1_Vid1_Type1_Vid1_roi_roi_001_frame_0009180.png,C:\Users\colla\Documents\Research\Taka\FINAL\runs\Type1_Vid1_labels\selected_frames\Type1_Vid1_Type1_Vid1_roi_roi_001_frame_0009180.png,C:\Users\colla\Documents\Research\Taka\Videos\Type1_Vid1.mp4,9180,153.0,300,270,C:\Users\colla\Documents\Research\Taka\FINAL\runs\Type1_Vid1_roi.json,roi_001,790,1420,300,270,89,0.0
Type1_Vid1_Type1_Vid1_roi_roi_001_frame_0009270.png,C:\Users\colla\Documents\Research\Taka\FINAL\runs\Type1_Vid1_labels\selected_frames\Type1_Vid1_Type1_Vid1_roi_roi_001_frame_0009270.png,C:\Users\colla\Documents\Research\Taka\Videos\Type1_Vid1.mp4,9270,154.5,300,270,C:\Users\colla\Documents\Research\Taka\FINAL\runs\Type1_Vid1_roi.json,roi_001,790,1420,300,270,145,0.0
Type1_Vid1_Type1_Vid1_roi_roi_001_frame_0009360.png,C:\Users\colla\Documents\Research\Taka\FINAL\runs\Type1_Vid1_labels\selected_frames\Type1_Vid1_Type1_Vid1_roi_roi_001_frame_0009360.png,C:\Users\colla\Documents\Research\Taka\Videos\Type1_Vid1.mp4,9360,156.0,300,270,C:\Users\colla\Documents\Research\Taka\FINAL\runs\Type1_Vid1_roi.json,roi_001,790,1420,300,270,90,0.0
Type1_Vid1_Type1_Vid1_roi_roi_001_frame_0009450.png,C:\Users\colla\Documents\Research\Taka\FINAL\runs\Type1_Vid1_labels\selected_frames\Type1_Vid1_Type1_Vid1_roi_roi_001_frame_0009450.png,C:\Users\colla\Documents\Research\Taka\Videos\Type1_Vid1.mp4,9450,157.5,300,270,C:\Users\colla\Documents\Research\Taka\FINAL\runs\Type1_Vid1_roi.json,roi_001,790,1420,300,270,200,0.0
Type1_Vid1_Type1_Vid1_roi_roi_001_frame_0009540.png,C:\Users\colla\Documents\Research\Taka\FINAL\runs\Type1_Vid1_labels\selected_frames\Type1_Vid1_Type1_Vid1_roi_roi_001_frame_0009540.png,C:\Users\colla\Documents\Research\Taka\Videos\Type1_Vid1.mp4,9540,159.0,300,270,C:\Users\colla\Documents\Research\Taka\FINAL\runs\Type1_Vid1_roi.json,roi_001,790,1420,300,270,67,0.0
Type1_Vid1_Type1_Vid1_roi_roi_001_frame_0009630.png,C:\Users\colla\Documents\Research\Taka\FINAL\runs\Type1_Vid1_labels\selected_frames\Type1_Vid1_Type1_Vid1_roi_roi_001_frame_0009630.png,C:\Users\colla\Documents\Research\Taka\Videos\Type1_Vid1.mp4,9630,160.5,300,270,C:\Users\colla\Documents\Research\Taka\FINAL\runs\Type1_Vid1_roi.json,roi_001,790,1420,300,270,101,0.0
Type1_Vid1_Type1_Vid1_roi_roi_001_frame_0009720.png,C:\Users\colla\Documents\Research\Taka\FINAL\runs\Type1_Vid1_labels\selected_frames\Type1_Vid1_Type1_Vid1_roi_roi_001_frame_0009720.png,C:\Users\colla\Documents\Research\Taka\Videos\Type1_Vid1.mp4,9720,162.0,300,270,C:\Users\colla\Documents\Research\Taka\FINAL\runs\Type1_Vid1_roi.json,roi_001,790,1420,300,270,187,0.0
Type1_Vid1_Type1_Vid1_roi_roi_001_frame_0009810.png,C:\Users\colla\Documents\Research\Taka\FINAL\runs\Type1_Vid1_labels\selected_frames\Type1_Vid1_Type1_Vid1_roi_roi_001_frame_0009810.png,C:\Users\colla\Documents\Research\Taka\Videos\Type1_Vid1.mp4,9810,163.5,300,270,C:\Users\colla\Documents\Research\Taka\FINAL\runs\Type1_Vid1_roi.json,roi_001,790,1420,300,270,59,0.0
Type1_Vid1_Type1_Vid1_roi_roi_001_frame_0009900.png,C:\Users\colla\Documents\Research\Taka\FINAL\runs\Type1_Vid1_labels\selected_frames\Type1_Vid1_Type1_Vid1_roi_roi_001_frame_0009900.png,C:\Users\colla\Documents\Research\Taka\Videos\Type1_Vid1.mp4,9900,165.0,300,270,C:\Users\colla\Documents\Research\Taka\FINAL\runs\Type1_Vid1_roi.json,roi_001,790,1420,300,270,95,0.0
Type1_Vid1_Type1_Vid1_roi_roi_001_frame_0009990.png,C:\Users\colla\Documents\Research\Taka\FINAL\runs\Type1_Vid1_labels\selected_frames\Type1_Vid1_Type1_Vid1_roi_roi_001_frame_0009990.png,C:\Users\colla\Documents\Research\Taka\Videos\Type1_Vid1.mp4,9990,166.5,300,270,C:\Users\colla\Documents\Research\Taka\FINAL\runs\Type1_Vid1_roi.json,roi_001,790,1420,300,270,78,0.0
Type1_Vid1_Type1_Vid1_roi_roi_001_frame_0010080.png,C:\Users\colla\Documents\Research\Taka\FINAL\runs\Type1_Vid1_labels\selected_frames\Type1_Vid1_Type1_Vid1_roi_roi_001_frame_0010080.png,C:\Users\colla\Documents\Research\Taka\Videos\Type1_Vid1.mp4,10080,168.0,300,270,C:\Users\colla\Documents\Research\Taka\FINAL\runs\Type1_Vid1_roi.json,roi_001,790,1420,300,270,199,0.0
Type1_Vid1_Type1_Vid1_roi_roi_001_frame_0010170.png,C:\Users\colla\Documents\Research\Taka\FINAL\runs\Type1_Vid1_labels\selected_frames\Type1_Vid1_Type1_Vid1_roi_roi_001_frame_0010170.png,C:\Users\colla\Documents\Research\Taka\Videos\Type1_Vid1.mp4,10170,169.5,300,270,C:\Users\colla\Documents\Research\Taka\FINAL\runs\Type1_Vid1_roi.json,roi_001,790,1420,300,270,76,0.0
Type1_Vid1_Type1_Vid1_roi_roi_001_frame_0010260.png,C:\Users\colla\Documents\Research\Taka\FINAL\runs\Type1_Vid1_labels\selected_frames\Type1_Vid1_Type1_Vid1_roi_roi_001_frame_0010260.png,C:\Users\colla\Documents\Research\Taka\Videos\Type1_Vid1.mp4,10260,171.0,300,270,C:\Users\colla\Documents\Research\Taka\FINAL\runs\Type1_Vid1_roi.json,roi_001,790,1420,300,270,188,0.0
Type1_Vid1_Type1_Vid1_roi_roi_001_frame_0010350.png,C:\Users\colla\Documents\Research\Taka\FINAL\runs\Type1_Vid1_labels\selected_frames\Type1_Vid1_Type1_Vid1_roi_roi_001_frame_0010350.png,C:\Users\colla\Documents\Research\Taka\Videos\Type1_Vid1.mp4,10350,172.5,300,270,C:\Users\colla\Documents\Research\Taka\FINAL\runs\Type1_Vid1_roi.json,roi_001,790,1420,300,270,161,0.0
Type1_Vid1_Type1_Vid1_roi_roi_001_frame_0010440.png,C:\Users\colla\Documents\Research\Taka\FINAL\runs\Type1_Vid1_labels\selected_frames\Type1_Vid1_Type1_Vid1_roi_roi_001_frame_0010440.png,C:\Users\colla\Documents\Research\Taka\Videos\Type1_Vid1.mp4,10440,174.0,300,270,C:\Users\colla\Documents\Research\Taka\FINAL\runs\Type1_Vid1_roi.json,roi_001,790,1420,300,270,169,0.0
Type1_Vid1_Type1_Vid1_roi_roi_001_frame_0010530.png,C:\Users\colla\Documents\Research\Taka\FINAL\runs\Type1_Vid1_labels\selected_frames\Type1_Vid1_Type1_Vid1_roi_roi_001_frame_0010530.png,C:\Users\colla\Documents\Research\Taka\Videos\Type1_Vid1.mp4,10530,175.5,300,270,C:\Users\colla\Documents\Research\Taka\FINAL\runs\Type1_Vid1_roi.json,roi_001,790,1420,300,270,82,0.0
Type1_Vid1_Type1_Vid1_roi_roi_001_frame_0010620.png,C:\Users\colla\Documents\Research\Taka\FINAL\runs\Type1_Vid1_labels\selected_frames\Type1_Vid1_Type1_Vid1_roi_roi_001_frame_0010620.png,C:\Users\colla\Documents\Research\Taka\Videos\Type1_Vid1.mp4,10620,177.0,300,270,C:\Users\colla\Documents\Research\Taka\FINAL\runs\Type1_Vid1_roi.json,roi_001,790,1420,300,270,176,0.0
Type1_Vid1_Type1_Vid1_roi_roi_001_frame_0010710.png,C:\Users\colla\Documents\Research\Taka\FINAL\runs\Type1_Vid1_labels\selected_frames\Type1_Vid1_Type1_Vid1_roi_roi_001_frame_0010710.png,C:\Users\colla\Documents\Research\Taka\Videos\Type1_Vid1.mp4,10710,178.5,300,270,C:\Users\colla\Documents\Research\Taka\FINAL\runs\Type1_Vid1_roi.json,roi_001,790,1420,300,270,184,0.0
Type1_Vid1_Type1_Vid1_roi_roi_001_frame_0010800.png,C:\Users\colla\Documents\Research\Taka\FINAL\runs\Type1_Vid1_labels\selected_frames\Type1_Vid1_Type1_Vid1_roi_roi_001_frame_0010800.png,C:\Users\colla\Documents\Research\Taka\Videos\Type1_Vid1.mp4,10800,180.0,300,270,C:\Users\colla\Documents\Research\Taka\FINAL\runs\Type1_Vid1_roi.json,roi_001,790,1420,300,270,69,0.0
Type1_Vid1_Type1_Vid1_roi_roi_001_frame_0010890.png,C:\Users\colla\Documents\Research\Taka\FINAL\runs\Type1_Vid1_labels\selected_frames\Type1_Vid1_Type1_Vid1_roi_roi_001_frame_0010890.png,C:\Users\colla\Documents\Research\Taka\Videos\Type1_Vid1.mp4,10890,181.5,300,270,C:\Users\colla\Documents\Research\Taka\FINAL\runs\Type1_Vid1_roi.json,roi_001,790,1420,300,270,52,0.0
Type1_Vid1_Type1_Vid1_roi_roi_001_frame_0010980.png,C:\Users\colla\Documents\Research\Taka\FINAL\runs\Type1_Vid1_labels\selected_frames\Type1_Vid1_Type1_Vid1_roi_roi_001_frame_0010980.png,C:\Users\colla\Documents\Research\Taka\Videos\Type1_Vid1.mp4,10980,183.0,300,270,C:\Users\colla\Documents\Research\Taka\FINAL\runs\Type1_Vid1_roi.json,roi_001,790,1420,300,270,55,0.0
Type1_Vid1_Type1_Vid1_roi_roi_001_frame_0011070.png,C:\Users\colla\Documents\Research\Taka\FINAL\runs\Type1_Vid1_labels\selected_frames\Type1_Vid1_Type1_Vid1_roi_roi_001_frame_0011070.png,C:\Users\colla\Documents\Research\Taka\Videos\Type1_Vid1.mp4,11070,184.5,300,270,C:\Users\colla\Documents\Research\Taka\FINAL\runs\Type1_Vid1_roi.json,roi_001,790,1420,300,270,248,0.0
Type1_Vid1_Type1_Vid1_roi_roi_001_frame_0011160.png,C:\Users\colla\Documents\Research\Taka\FINAL\runs\Type1_Vid1_labels\selected_frames\Type1_Vid1_Type1_Vid1_roi_roi_001_frame_0011160.png,C:\Users\colla\Documents\Research\Taka\Videos\Type1_Vid1.mp4,11160,186.0,300,270,C:\Users\colla\Documents\Research\Taka\FINAL\runs\Type1_Vid1_roi.json,roi_001,790,1420,300,270,173,0.0
Type1_Vid1_Type1_Vid1_roi_roi_002_frame_0000000.png,C:\Users\colla\Documents\Research\Taka\FINAL\runs\Type1_Vid1_labels\selected_frames\Type1_Vid1_Type1_Vid1_roi_roi_002_frame_0000000.png,C:\Users\colla\Documents\Research\Taka\Videos\Type1_Vid1.mp4,0,0.0,282,265,C:\Users\colla\Documents\Research\Taka\FINAL\runs\Type1_Vid1_roi.json,roi_002,2528,1379,282,265,171,0.0
Type1_Vid1_Type1_Vid1_roi_roi_002_frame_0000090.png,C:\Users\colla\Documents\Research\Taka\FINAL\runs\Type1_Vid1_labels\selected_frames\Type1_Vid1_Type1_Vid1_roi_roi_002_frame_0000090.png,C:\Users\colla\Documents\Research\Taka\Videos\Type1_Vid1.mp4,90,1.5,282,265,C:\Users\colla\Documents\Research\Taka\FINAL\runs\Type1_Vid1_roi.json,roi_002,2528,1379,282,265,239,0.0
Type1_Vid1_Type1_Vid1_roi_roi_002_frame_0000180.png,C:\Users\colla\Documents\Research\Taka\FINAL\runs\Type1_Vid1_labels\selected_frames\Type1_Vid1_Type1_Vid1_roi_roi_002_frame_0000180.png,C:\Users\colla\Documents\Research\Taka\Videos\Type1_Vid1.mp4,180,3.0,282,265,C:\Users\colla\Documents\Research\Taka\FINAL\runs\Type1_Vid1_roi.json,roi_002,2528,1379,282,265,73,0.0
Type1_Vid1_Type1_Vid1_roi_roi_002_frame_0000270.png,C:\Users\colla\Documents\Research\Taka\FINAL\runs\Type1_Vid1_labels\selected_frames\Type1_Vid1_Type1_Vid1_roi_roi_002_frame_0000270.png,C:\Users\colla\Documents\Research\Taka\Videos\Type1_Vid1.mp4,270,4.5,282,265,C:\Users\colla\Documents\Research\Taka\FINAL\runs\Type1_Vid1_roi.json,roi_002,2528,1379,282,265,122,0.0
Type1_Vid1_Type1_Vid1_roi_roi_002_frame_0000360.png,C:\Users\colla\Documents\Research\Taka\FINAL\runs\Type1_Vid1_labels\selected_frames\Type1_Vid1_Type1_Vid1_roi_roi_002_frame_0000360.png,C:\Users\colla\Documents\Research\Taka\Videos\Type1_Vid1.mp4,360,6.0,282,265,C:\Users\colla\Documents\Research\Taka\FINAL\runs\Type1_Vid1_roi.json,roi_002,2528,1379,282,265,134,0.0
Type1_Vid1_Type1_Vid1_roi_roi_002_frame_0000450.png,C:\Users\colla\Documents\Research\Taka\FINAL\runs\Type1_Vid1_labels\selected_frames\Type1_Vid1_Type1_Vid1_roi_roi_002_frame_0000450.png,C:\Users\colla\Documents\Research\Taka\Videos\Type1_Vid1.mp4,450,7.5,282,265,C:\Users\colla\Documents\Research\Taka\FINAL\runs\Type1_Vid1_roi.json,roi_002,2528,1379,282,265,115,0.0
Type1_Vid1_Type1_Vid1_roi_roi_002_frame_0000540.png,C:\Users\colla\Documents\Research\Taka\FINAL\runs\Type1_Vid1_labels\selected_frames\Type1_Vid1_Type1_Vid1_roi_roi_002_frame_0000540.png,C:\Users\colla\Documents\Research\Taka\Videos\Type1_Vid1.mp4,540,9.0,282,265,C:\Users\colla\Documents\Research\Taka\FINAL\runs\Type1_Vid1_roi.json,roi_002,2528,1379,282,265,121,0.0
Type1_Vid1_Type1_Vid1_roi_roi_002_frame_0000630.png,C:\Users\colla\Documents\Research\Taka\FINAL\runs\Type1_Vid1_labels\selected_frames\Type1_Vid1_Type1_Vid1_roi_roi_002_frame_0000630.png,C:\Users\colla\Documents\Research\Taka\Videos\Type1_Vid1.mp4,630,10.5,282,265,C:\Users\colla\Documents\Research\Taka\FINAL\runs\Type1_Vid1_roi.json,roi_002,2528,1379,282,265,50,0.0
Type1_Vid1_Type1_Vid1_roi_roi_002_frame_0000720.png,C:\Users\colla\Documents\Research\Taka\FINAL\runs\Type1_Vid1_labels\selected_frames\Type1_Vid1_Type1_Vid1_roi_roi_002_frame_0000720.png,C:\Users\colla\Documents\Research\Taka\Videos\Type1_Vid1.mp4,720,12.0,282,265,C:\Users\colla\Documents\Research\Taka\FINAL\runs\Type1_Vid1_roi.json,roi_002,2528,1379,282,265,151,0.0
Type1_Vid1_Type1_Vid1_roi_roi_002_frame_0000810.png,C:\Users\colla\Documents\Research\Taka\FINAL\runs\Type1_Vid1_labels\selected_frames\Type1_Vid1_Type1_Vid1_roi_roi_002_frame_0000810.png,C:\Users\colla\Documents\Research\Taka\Videos\Type1_Vid1.mp4,810,13.5,282,265,C:\Users\colla\Documents\Research\Taka\FINAL\runs\Type1_Vid1_roi.json,roi_002,2528,1379,282,265,0,0.0
Type1_Vid1_Type1_Vid1_roi_roi_002_frame_0000900.png,C:\Users\colla\Documents\Research\Taka\FINAL\runs\Type1_Vid1_labels\selected_frames\Type1_Vid1_Type1_Vid1_roi_roi_002_frame_0000900.png,C:\Users\colla\Documents\Research\Taka\Videos\Type1_Vid1.mp4,900,15.0,282,265,C:\Users\colla\Documents\Research\Taka\FINAL\runs\Type1_Vid1_roi.json,roi_002,2528,1379,282,265,126,0.0
Type1_Vid1_Type1_Vid1_roi_roi_002_frame_0000990.png,C:\Users\colla\Documents\Research\Taka\FINAL\runs\Type1_Vid1_labels\selected_frames\Type1_Vid1_Type1_Vid1_roi_roi_002_frame_0000990.png,C:\Users\colla\Documents\Research\Taka\Videos\Type1_Vid1.mp4,990,16.5,282,265,C:\Users\colla\Documents\Research\Taka\FINAL\runs\Type1_Vid1_roi.json,roi_002,2528,1379,282,265,149,0.0
Type1_Vid1_Type1_Vid1_roi_roi_002_frame_0001080.png,C:\Users\colla\Documents\Research\Taka\FINAL\runs\Type1_Vid1_labels\selected_frames\Type1_Vid1_Type1_Vid1_roi_roi_002_frame_0001080.png,C:\Users\colla\Documents\Research\Taka\Videos\Type1_Vid1.mp4,1080,18.0,282,265,C:\Users\colla\Documents\Research\Taka\FINAL\runs\Type1_Vid1_roi.json,roi_002,2528,1379,282,265,68,0.0
Type1_Vid1_Type1_Vid1_roi_roi_002_frame_0001170.png,C:\Users\colla\Documents\Research\Taka\FINAL\runs\Type1_Vid1_labels\selected_frames\Type1_Vid1_Type1_Vid1_roi_roi_002_frame_0001170.png,C:\Users\colla\Documents\Research\Taka\Videos\Type1_Vid1.mp4,1170,19.5,282,265,C:\Users\colla\Documents\Research\Taka\FINAL\runs\Type1_Vid1_roi.json,roi_002,2528,1379,282,265,220,0.0
Type1_Vid1_Type1_Vid1_roi_roi_002_frame_0001260.png,C:\Users\colla\Documents\Research\Taka\FINAL\runs\Type1_Vid1_labels\selected_frames\Type1_Vid1_Type1_Vid1_roi_roi_002_frame_0001260.png,C:\Users\colla\Documents\Research\Taka\Videos\Type1_Vid1.mp4,1260,21.0,282,265,C:\Users\colla\Documents\Research\Taka\FINAL\runs\Type1_Vid1_roi.json,roi_002,2528,1379,282,265,197,0.0
Type1_Vid1_Type1_Vid1_roi_roi_002_frame_0001350.png,C:\Users\colla\Documents\Research\Taka\FINAL\runs\Type1_Vid1_labels\selected_frames\Type1_Vid1_Type1_Vid1_roi_roi_002_frame_0001350.png,C:\Users\colla\Documents\Research\Taka\Videos\Type1_Vid1.mp4,1350,22.5,282,265,C:\Users\colla\Documents\Research\Taka\FINAL\runs\Type1_Vid1_roi.json,roi_002,2528,1379,282,265,183,0.0
Type1_Vid1_Type1_Vid1_roi_roi_002_frame_0001440.png,C:\Users\colla\Documents\Research\Taka\FINAL\runs\Type1_Vid1_labels\selected_frames\Type1_Vid1_Type1_Vid1_roi_roi_002_frame_0001440.png,C:\Users\colla\Documents\Research\Taka\Videos\Type1_Vid1.mp4,1440,24.0,282,265,C:\Users\colla\Documents\Research\Taka\FINAL\runs\Type1_Vid1_roi.json,roi_002,2528,1379,282,265,112,0.0
Type1_Vid1_Type1_Vid1_roi_roi_002_frame_0001530.png,C:\Users\colla\Documents\Research\Taka\FINAL\runs\Type1_Vid1_labels\selected_frames\Type1_Vid1_Type1_Vid1_roi_roi_002_frame_0001530.png,C:\Users\colla\Documents\Research\Taka\Videos\Type1_Vid1.mp4,1530,25.5,282,265,C:\Users\colla\Documents\Research\Taka\FINAL\runs\Type1_Vid1_roi.json,roi_002,2528,1379,282,265,146,0.0
Type1_Vid1_Type1_Vid1_roi_roi_002_frame_0001620.png,C:\Users\colla\Documents\Research\Taka\FINAL\runs\Type1_Vid1_labels\selected_frames\Type1_Vid1_Type1_Vid1_roi_roi_002_frame_0001620.png,C:\Users\colla\Documents\Research\Taka\Videos\Type1_Vid1.mp4,1620,27.0,282,265,C:\Users\colla\Documents\Research\Taka\FINAL\runs\Type1_Vid1_roi.json,roi_002,2528,1379,282,265,212,0.0
Type1_Vid1_Type1_Vid1_roi_roi_002_frame_0001710.png,C:\Users\colla\Documents\Research\Taka\FINAL\runs\Type1_Vid1_labels\selected_frames\Type1_Vid1_Type1_Vid1_roi_roi_002_frame_0001710.png,C:\Users\colla\Documents\Research\Taka\Videos\Type1_Vid1.mp4,1710,28.5,282,265,C:\Users\colla\Documents\Research\Taka\FINAL\runs\Type1_Vid1_roi.json,roi_002,2528,1379,282,265,148,0.0
Type1_Vid1_Type1_Vid1_roi_roi_002_frame_0001800.png,C:\Users\colla\Documents\Research\Taka\FINAL\runs\Type1_Vid1_labels\selected_frames\Type1_Vid1_Type1_Vid1_roi_roi_002_frame_0001800.png,C:\Users\colla\Documents\Research\Taka\Videos\Type1_Vid1.mp4,1800,30.0,282,265,C:\Users\colla\Documents\Research\Taka\FINAL\runs\Type1_Vid1_roi.json,roi_002,2528,1379,282,265,195,0.0
Type1_Vid1_Type1_Vid1_roi_roi_002_frame_0001890.png,C:\Users\colla\Documents\Research\Taka\FINAL\runs\Type1_Vid1_labels\selected_frames\Type1_Vid1_Type1_Vid1_roi_roi_002_frame_0001890.png,C:\Users\colla\Documents\Research\Taka\Videos\Type1_Vid1.mp4,1890,31.5,282,265,C:\Users\colla\Documents\Research\Taka\FINAL\runs\Type1_Vid1_roi.json,roi_002,2528,1379,282,265,62,0.0
Type1_Vid1_Type1_Vid1_roi_roi_002_frame_0001980.png,C:\Users\colla\Documents\Research\Taka\FINAL\runs\Type1_Vid1_labels\selected_frames\Type1_Vid1_Type1_Vid1_roi_roi_002_frame_0001980.png,C:\Users\colla\Documents\Research\Taka\Videos\Type1_Vid1.mp4,1980,33.0,282,265,C:\Users\colla\Documents\Research\Taka\FINAL\runs\Type1_Vid1_roi.json,roi_002,2528,1379,282,265,153,0.0
Type1_Vid1_Type1_Vid1_roi_roi_002_frame_0002070.png,C:\Users\colla\Documents\Research\Taka\FINAL\runs\Type1_Vid1_labels\selected_frames\Type1_Vid1_Type1_Vid1_roi_roi_002_frame_0002070.png,C:\Users\colla\Documents\Research\Taka\Videos\Type1_Vid1.mp4,2070,34.5,282,265,C:\Users\colla\Documents\Research\Taka\FINAL\runs\Type1_Vid1_roi.json,roi_002,2528,1379,282,265,178,0.0
Type1_Vid1_Type1_Vid1_roi_roi_002_frame_0002160.png,C:\Users\colla\Documents\Research\Taka\FINAL\runs\Type1_Vid1_labels\selected_frames\Type1_Vid1_Type1_Vid1_roi_roi_002_frame_0002160.png,C:\Users\colla\Documents\Research\Taka\Videos\Type1_Vid1.mp4,2160,36.0,282,265,C:\Users\colla\Documents\Research\Taka\FINAL\runs\Type1_Vid1_roi.json,roi_002,2528,1379,282,265,91,0.0
Type1_Vid1_Type1_Vid1_roi_roi_002_frame_0002250.png,C:\Users\colla\Documents\Research\Taka\FINAL\runs\Type1_Vid1_labels\selected_frames\Type1_Vid1_Type1_Vid1_roi_roi_002_frame_0002250.png,C:\Users\colla\Documents\Research\Taka\Videos\Type1_Vid1.mp4,2250,37.5,282,265,C:\Users\colla\Documents\Research\Taka\FINAL\runs\Type1_Vid1_roi.json,roi_002,2528,1379,282,265,150,0.0
Type1_Vid1_Type1_Vid1_roi_roi_002_frame_0002340.png,C:\Users\colla\Documents\Research\Taka\FINAL\runs\Type1_Vid1_labels\selected_frames\Type1_Vid1_Type1_Vid1_roi_roi_002_frame_0002340.png,C:\Users\colla\Documents\Research\Taka\Videos\Type1_Vid1.mp4,2340,39.0,282,265,C:\Users\colla\Documents\Research\Taka\FINAL\runs\Type1_Vid1_roi.json,roi_002,2528,1379,282,265,167,0.0
Type1_Vid1_Type1_Vid1_roi_roi_002_frame_0002430.png,C:\Users\colla\Documents\Research\Taka\FINAL\runs\Type1_Vid1_labels\selected_frames\Type1_Vid1_Type1_Vid1_roi_roi_002_frame_0002430.png,C:\Users\colla\Documents\Research\Taka\Videos\Type1_Vid1.mp4,2430,40.5,282,265,C:\Users\colla\Documents\Research\Taka\FINAL\runs\Type1_Vid1_roi.json,roi_002,2528,1379,282,265,41,0.0
Type1_Vid1_Type1_Vid1_roi_roi_002_frame_0002520.png,C:\Users\colla\Documents\Research\Taka\FINAL\runs\Type1_Vid1_labels\selected_frames\Type1_Vid1_Type1_Vid1_roi_roi_002_frame_0002520.png,C:\Users\colla\Documents\Research\Taka\Videos\Type1_Vid1.mp4,2520,42.0,282,265,C:\Users\colla\Documents\Research\Taka\FINAL\runs\Type1_Vid1_roi.json,roi_002,2528,1379,282,265,185,0.0
Type1_Vid1_Type1_Vid1_roi_roi_002_frame_0002610.png,C:\Users\colla\Documents\Research\Taka\FINAL\runs\Type1_Vid1_labels\selected_frames\Type1_Vid1_Type1_Vid1_roi_roi_002_frame_0002610.png,C:\Users\colla\Documents\Research\Taka\Videos\Type1_Vid1.mp4,2610,43.5,282,265,C:\Users\colla\Documents\Research\Taka\FINAL\runs\Type1_Vid1_roi.json,roi_002,2528,1379,282,265,132,0.0
Type1_Vid1_Type1_Vid1_roi_roi_002_frame_0002700.png,C:\Users\colla\Documents\Research\Taka\FINAL\runs\Type1_Vid1_labels\selected_frames\Type1_Vid1_Type1_Vid1_roi_roi_002_frame_0002700.png,C:\Users\colla\Documents\Research\Taka\Videos\Type1_Vid1.mp4,2700,45.0,282,265,C:\Users\colla\Documents\Research\Taka\FINAL\runs\Type1_Vid1_roi.json,roi_002,2528,1379,282,265,119,0.0
Type1_Vid1_Type1_Vid1_roi_roi_002_frame_0002790.png,C:\Users\colla\Documents\Research\Taka\FINAL\runs\Type1_Vid1_labels\selected_frames\Type1_Vid1_Type1_Vid1_roi_roi_002_frame_0002790.png,C:\Users\colla\Documents\Research\Taka\Videos\Type1_Vid1.mp4,2790,46.5,282,265,C:\Users\colla\Documents\Research\Taka\FINAL\runs\Type1_Vid1_roi.json,roi_002,2528,1379,282,265,204,0.0
Type1_Vid1_Type1_Vid1_roi_roi_002_frame_0002880.png,C:\Users\colla\Documents\Research\Taka\FINAL\runs\Type1_Vid1_labels\selected_frames\Type1_Vid1_Type1_Vid1_roi_roi_002_frame_0002880.png,C:\Users\colla\Documents\Research\Taka\Videos\Type1_Vid1.mp4,2880,48.0,282,265,C:\Users\colla\Documents\Research\Taka\FINAL\runs\Type1_Vid1_roi.json,roi_002,2528,1379,282,265,249,0.0
Type1_Vid1_Type1_Vid1_roi_roi_002_frame_0002970.png,C:\Users\colla\Documents\Research\Taka\FINAL\runs\Type1_Vid1_labels\selected_frames\Type1_Vid1_Type1_Vid1_roi_roi_002_frame_0002970.png,C:\Users\colla\Documents\Research\Taka\Videos\Type1_Vid1.mp4,2970,49.5,282,265,C:\Users\colla\Documents\Research\Taka\FINAL\runs\Type1_Vid1_roi.json,roi_002,2528,1379,282,265,222,0.0
Type1_Vid1_Type1_Vid1_roi_roi_002_frame_0003060.png,C:\Users\colla\Documents\Research\Taka\FINAL\runs\Type1_Vid1_labels\selected_frames\Type1_Vid1_Type1_Vid1_roi_roi_002_frame_0003060.png,C:\Users\colla\Documents\Research\Taka\Videos\Type1_Vid1.mp4,3060,51.0,282,265,C:\Users\colla\Documents\Research\Taka\FINAL\runs\Type1_Vid1_roi.json,roi_002,2528,1379,282,265,175,0.0
Type1_Vid1_Type1_Vid1_roi_roi_002_frame_0003150.png,C:\Users\colla\Documents\Research\Taka\FINAL\runs\Type1_Vid1_labels\selected_frames\Type1_Vid1_Type1_Vid1_roi_roi_002_frame_0003150.png,C:\Users\colla\Documents\Research\Taka\Videos\Type1_Vid1.mp4,3150,52.5,282,265,C:\Users\colla\Documents\Research\Taka\FINAL\runs\Type1_Vid1_roi.json,roi_002,2528,1379,282,265,182,0.0
Type1_Vid1_Type1_Vid1_roi_roi_002_frame_0003240.png,C:\Users\colla\Documents\Research\Taka\FINAL\runs\Type1_Vid1_labels\selected_frames\Type1_Vid1_Type1_Vid1_roi_roi_002_frame_0003240.png,C:\Users\colla\Documents\Research\Taka\Videos\Type1_Vid1.mp4,3240,54.0,282,265,C:\Users\colla\Documents\Research\Taka\FINAL\runs\Type1_Vid1_roi.json,roi_002,2528,1379,282,265,140,0.0
Type1_Vid1_Type1_Vid1_roi_roi_002_frame_0003330.png,C:\Users\colla\Documents\Research\Taka\FINAL\runs\Type1_Vid1_labels\selected_frames\Type1_Vid1_Type1_Vid1_roi_roi_002_frame_0003330.png,C:\Users\colla\Documents\Research\Taka\Videos\Type1_Vid1.mp4,3330,55.5,282,265,C:\Users\colla\Documents\Research\Taka\FINAL\runs\Type1_Vid1_roi.json,roi_002,2528,1379,282,265,85,0.0
Type1_Vid1_Type1_Vid1_roi_roi_002_frame_0003420.png,C:\Users\colla\Documents\Research\Taka\FINAL\runs\Type1_Vid1_labels\selected_frames\Type1_Vid1_Type1_Vid1_roi_roi_002_frame_0003420.png,C:\Users\colla\Documents\Research\Taka\Videos\Type1_Vid1.mp4,3420,57.0,282,265,C:\Users\colla\Documents\Research\Taka\FINAL\runs\Type1_Vid1_roi.json,roi_002,2528,1379,282,265,144,0.0
Type1_Vid1_Type1_Vid1_roi_roi_002_frame_0003510.png,C:\Users\colla\Documents\Research\Taka\FINAL\runs\Type1_Vid1_labels\selected_frames\Type1_Vid1_Type1_Vid1_roi_roi_002_frame_0003510.png,C:\Users\colla\Documents\Research\Taka\Videos\Type1_Vid1.mp4,3510,58.5,282,265,C:\Users\colla\Documents\Research\Taka\FINAL\runs\Type1_Vid1_roi.json,roi_002,2528,1379,282,265,109,0.0
Type1_Vid1_Type1_Vid1_roi_roi_002_frame_0003600.png,C:\Users\colla\Documents\Research\Taka\FINAL\runs\Type1_Vid1_labels\selected_frames\Type1_Vid1_Type1_Vid1_roi_roi_002_frame_0003600.png,C:\Users\colla\Documents\Research\Taka\Videos\Type1_Vid1.mp4,3600,60.0,282,265,C:\Users\colla\Documents\Research\Taka\FINAL\runs\Type1_Vid1_roi.json,roi_002,2528,1379,282,265,164,0.0
Type1_Vid1_Type1_Vid1_roi_roi_002_frame_0003690.png,C:\Users\colla\Documents\Research\Taka\FINAL\runs\Type1_Vid1_labels\selected_frames\Type1_Vid1_Type1_Vid1_roi_roi_002_frame_0003690.png,C:\Users\colla\Documents\Research\Taka\Videos\Type1_Vid1.mp4,3690,61.5,282,265,C:\Users\colla\Documents\Research\Taka\FINAL\runs\Type1_Vid1_roi.json,roi_002,2528,1379,282,265,97,0.0
Type1_Vid1_Type1_Vid1_roi_roi_002_frame_0003780.png,C:\Users\colla\Documents\Research\Taka\FINAL\runs\Type1_Vid1_labels\selected_frames\Type1_Vid1_Type1_Vid1_roi_roi_002_frame_0003780.png,C:\Users\colla\Documents\Research\Taka\Videos\Type1_Vid1.mp4,3780,63.0,282,265,C:\Users\colla\Documents\Research\Taka\FINAL\runs\Type1_Vid1_roi.json,roi_002,2528,1379,282,265,219,0.0
Type1_Vid1_Type1_Vid1_roi_roi_002_frame_0003870.png,C:\Users\colla\Documents\Research\Taka\FINAL\runs\Type1_Vid1_labels\selected_frames\Type1_Vid1_Type1_Vid1_roi_roi_002_frame_0003870.png,C:\Users\colla\Documents\Research\Taka\Videos\Type1_Vid1.mp4,3870,64.5,282,265,C:\Users\colla\Documents\Research\Taka\FINAL\runs\Type1_Vid1_roi.json,roi_002,2528,1379,282,265,87,0.0
Type1_Vid1_Type1_Vid1_roi_roi_002_frame_0003960.png,C:\Users\colla\Documents\Research\Taka\FINAL\runs\Type1_Vid1_labels\selected_frames\Type1_Vid1_Type1_Vid1_roi_roi_002_frame_0003960.png,C:\Users\colla\Documents\Research\Taka\Videos\Type1_Vid1.mp4,3960,66.0,282,265,C:\Users\colla\Documents\Research\Taka\FINAL\runs\Type1_Vid1_roi.json,roi_002,2528,1379,282,265,202,0.0
Type1_Vid1_Type1_Vid1_roi_roi_002_frame_0004050.png,C:\Users\colla\Documents\Research\Taka\FINAL\runs\Type1_Vid1_labels\selected_frames\Type1_Vid1_Type1_Vid1_roi_roi_002_frame_0004050.png,C:\Users\colla\Documents\Research\Taka\Videos\Type1_Vid1.mp4,4050,67.5,282,265,C:\Users\colla\Documents\Research\Taka\FINAL\runs\Type1_Vid1_roi.json,roi_002,2528,1379,282,265,226,0.0
Type1_Vid1_Type1_Vid1_roi_roi_002_frame_0004140.png,C:\Users\colla\Documents\Research\Taka\FINAL\runs\Type1_Vid1_labels\selected_frames\Type1_Vid1_Type1_Vid1_roi_roi_002_frame_0004140.png,C:\Users\colla\Documents\Research\Taka\Videos\Type1_Vid1.mp4,4140,69.0,282,265,C:\Users\colla\Documents\Research\Taka\FINAL\runs\Type1_Vid1_roi.json,roi_002,2528,1379,282,265,108,0.0
Type1_Vid1_Type1_Vid1_roi_roi_002_frame_0004230.png,C:\Users\colla\Documents\Research\Taka\FINAL\runs\Type1_Vid1_labels\selected_frames\Type1_Vid1_Type1_Vid1_roi_roi_002_frame_0004230.png,C:\Users\colla\Documents\Research\Taka\Videos\Type1_Vid1.mp4,4230,70.5,282,265,C:\Users\colla\Documents\Research\Taka\FINAL\runs\Type1_Vid1_roi.json,roi_002,2528,1379,282,265,129,0.0
Type1_Vid1_Type1_Vid1_roi_roi_002_frame_0004320.png,C:\Users\colla\Documents\Research\Taka\FINAL\runs\Type1_Vid1_labels\selected_frames\Type1_Vid1_Type1_Vid1_roi_roi_002_frame_0004320.png,C:\Users\colla\Documents\Research\Taka\Videos\Type1_Vid1.mp4,4320,72.0,282,265,C:\Users\colla\Documents\Research\Taka\FINAL\runs\Type1_Vid1_roi.json,roi_002,2528,1379,282,265,180,0.0
Type1_Vid1_Type1_Vid1_roi_roi_002_frame_0004410.png,C:\Users\colla\Documents\Research\Taka\FINAL\runs\Type1_Vid1_labels\selected_frames\Type1_Vid1_Type1_Vid1_roi_roi_002_frame_0004410.png,C:\Users\colla\Documents\Research\Taka\Videos\Type1_Vid1.mp4,4410,73.5,282,265,C:\Users\colla\Documents\Research\Taka\FINAL\runs\Type1_Vid1_roi.json,roi_002,2528,1379,282,265,98,0.0
Type1_Vid1_Type1_Vid1_roi_roi_002_frame_0004500.png,C:\Users\colla\Documents\Research\Taka\FINAL\runs\Type1_Vid1_labels\selected_frames\Type1_Vid1_Type1_Vid1_roi_roi_002_frame_0004500.png,C:\Users\colla\Documents\Research\Taka\Videos\Type1_Vid1.mp4,4500,75.0,282,265,C:\Users\colla\Documents\Research\Taka\FINAL\runs\Type1_Vid1_roi.json,roi_002,2528,1379,282,265,165,0.0
Type1_Vid1_Type1_Vid1_roi_roi_002_frame_0004590.png,C:\Users\colla\Documents\Research\Taka\FINAL\runs\Type1_Vid1_labels\selected_frames\Type1_Vid1_Type1_Vid1_roi_roi_002_frame_0004590.png,C:\Users\colla\Documents\Research\Taka\Videos\Type1_Vid1.mp4,4590,76.5,282,265,C:\Users\colla\Documents\Research\Taka\FINAL\runs\Type1_Vid1_roi.json,roi_002,2528,1379,282,265,120,0.0
Type1_Vid1_Type1_Vid1_roi_roi_002_frame_0004680.png,C:\Users\colla\Documents\Research\Taka\FINAL\runs\Type1_Vid1_labels\selected_frames\Type1_Vid1_Type1_Vid1_roi_roi_002_frame_0004680.png,C:\Users\colla\Documents\Research\Taka\Videos\Type1_Vid1.mp4,4680,78.0,282,265,C:\Users\colla\Documents\Research\Taka\FINAL\runs\Type1_Vid1_roi.json,roi_002,2528,1379,282,265,223,0.0
Type1_Vid1_Type1_Vid1_roi_roi_002_frame_0004770.png,C:\Users\colla\Documents\Research\Taka\FINAL\runs\Type1_Vid1_labels\selected_frames\Type1_Vid1_Type1_Vid1_roi_roi_002_frame_0004770.png,C:\Users\colla\Documents\Research\Taka\Videos\Type1_Vid1.mp4,4770,79.5,282,265,C:\Users\colla\Documents\Research\Taka\FINAL\runs\Type1_Vid1_roi.json,roi_002,2528,1379,282,265,186,0.0
Type1_Vid1_Type1_Vid1_roi_roi_002_frame_0004860.png,C:\Users\colla\Documents\Research\Taka\FINAL\runs\Type1_Vid1_labels\selected_frames\Type1_Vid1_Type1_Vid1_roi_roi_002_frame_0004860.png,C:\Users\colla\Documents\Research\Taka\Videos\Type1_Vid1.mp4,4860,81.0,282,265,C:\Users\colla\Documents\Research\Taka\FINAL\runs\Type1_Vid1_roi.json,roi_002,2528,1379,282,265,224,0.0
Type1_Vid1_Type1_Vid1_roi_roi_002_frame_0004950.png,C:\Users\colla\Documents\Research\Taka\FINAL\runs\Type1_Vid1_labels\selected_frames\Type1_Vid1_Type1_Vid1_roi_roi_002_frame_0004950.png,C:\Users\colla\Documents\Research\Taka\Videos\Type1_Vid1.mp4,4950,82.5,282,265,C:\Users\colla\Documents\Research\Taka\FINAL\runs\Type1_Vid1_roi.json,roi_002,2528,1379,282,265,191,0.0
Type1_Vid1_Type1_Vid1_roi_roi_002_frame_0005040.png,C:\Users\colla\Documents\Research\Taka\FINAL\runs\Type1_Vid1_labels\selected_frames\Type1_Vid1_Type1_Vid1_roi_roi_002_frame_0005040.png,C:\Users\colla\Documents\Research\Taka\Videos\Type1_Vid1.mp4,5040,84.0,282,265,C:\Users\colla\Documents\Research\Taka\FINAL\runs\Type1_Vid1_roi.json,roi_002,2528,1379,282,265,54,0.0
Type1_Vid1_Type1_Vid1_roi_roi_002_frame_0005130.png,C:\Users\colla\Documents\Research\Taka\FINAL\runs\Type1_Vid1_labels\selected_frames\Type1_Vid1_Type1_Vid1_roi_roi_002_frame_0005130.png,C:\Users\colla\Documents\Research\Taka\Videos\Type1_Vid1.mp4,5130,85.5,282,265,C:\Users\colla\Documents\Research\Taka\FINAL\runs\Type1_Vid1_roi.json,roi_002,2528,1379,282,265,208,0.0
Type1_Vid1_Type1_Vid1_roi_roi_002_frame_0005220.png,C:\Users\colla\Documents\Research\Taka\FINAL\runs\Type1_Vid1_labels\selected_frames\Type1_Vid1_Type1_Vid1_roi_roi_002_frame_0005220.png,C:\Users\colla\Documents\Research\Taka\Videos\Type1_Vid1.mp4,5220,87.0,282,265,C:\Users\colla\Documents\Research\Taka\FINAL\runs\Type1_Vid1_roi.json,roi_002,2528,1379,282,265,64,0.0
Type1_Vid1_Type1_Vid1_roi_roi_002_frame_0005310.png,C:\Users\colla\Documents\Research\Taka\FINAL\runs\Type1_Vid1_labels\selected_frames\Type1_Vid1_Type1_Vid1_roi_roi_002_frame_0005310.png,C:\Users\colla\Documents\Research\Taka\Videos\Type1_Vid1.mp4,5310,88.5,282,265,C:\Users\colla\Documents\Research\Taka\FINAL\runs\Type1_Vid1_roi.json,roi_002,2528,1379,282,265,86,0.0
Type1_Vid1_Type1_Vid1_roi_roi_002_frame_0005400.png,C:\Users\colla\Documents\Research\Taka\FINAL\runs\Type1_Vid1_labels\selected_frames\Type1_Vid1_Type1_Vid1_roi_roi_002_frame_0005400.png,C:\Users\colla\Documents\Research\Taka\Videos\Type1_Vid1.mp4,5400,90.0,282,265,C:\Users\colla\Documents\Research\Taka\FINAL\runs\Type1_Vid1_roi.json,roi_002,2528,1379,282,265,235,0.0
Type1_Vid1_Type1_Vid1_roi_roi_002_frame_0005490.png,C:\Users\colla\Documents\Research\Taka\FINAL\runs\Type1_Vid1_labels\selected_frames\Type1_Vid1_Type1_Vid1_roi_roi_002_frame_0005490.png,C:\Users\colla\Documents\Research\Taka\Videos\Type1_Vid1.mp4,5490,91.5,282,265,C:\Users\colla\Documents\Research\Taka\FINAL\runs\Type1_Vid1_roi.json,roi_002,2528,1379,282,265,246,0.0
Type1_Vid1_Type1_Vid1_roi_roi_002_frame_0005580.png,C:\Users\colla\Documents\Research\Taka\FINAL\runs\Type1_Vid1_labels\selected_frames\Type1_Vid1_Type1_Vid1_roi_roi_002_frame_0005580.png,C:\Users\colla\Documents\Research\Taka\Videos\Type1_Vid1.mp4,5580,93.0,282,265,C:\Users\colla\Documents\Research\Taka\FINAL\runs\Type1_Vid1_roi.json,roi_002,2528,1379,282,265,105,0.0
Type1_Vid1_Type1_Vid1_roi_roi_002_frame_0005670.png,C:\Users\colla\Documents\Research\Taka\FINAL\runs\Type1_Vid1_labels\selected_frames\Type1_Vid1_Type1_Vid1_roi_roi_002_frame_0005670.png,C:\Users\colla\Documents\Research\Taka\Videos\Type1_Vid1.mp4,5670,94.5,282,265,C:\Users\colla\Documents\Research\Taka\FINAL\runs\Type1_Vid1_roi.json,roi_002,2528,1379,282,265,136,0.0
Type1_Vid1_Type1_Vid1_roi_roi_002_frame_0005760.png,C:\Users\colla\Documents\Research\Taka\FINAL\runs\Type1_Vid1_labels\selected_frames\Type1_Vid1_Type1_Vid1_roi_roi_002_frame_0005760.png,C:\Users\colla\Documents\Research\Taka\Videos\Type1_Vid1.mp4,5760,96.0,282,265,C:\Users\colla\Documents\Research\Taka\FINAL\runs\Type1_Vid1_roi.json,roi_002,2528,1379,282,265,118,0.0
Type1_Vid1_Type1_Vid1_roi_roi_002_frame_0005850.png,C:\Users\colla\Documents\Research\Taka\FINAL\runs\Type1_Vid1_labels\selected_frames\Type1_Vid1_Type1_Vid1_roi_roi_002_frame_0005850.png,C:\Users\colla\Documents\Research\Taka\Videos\Type1_Vid1.mp4,5850,97.5,282,265,C:\Users\colla\Documents\Research\Taka\FINAL\runs\Type1_Vid1_roi.json,roi_002,2528,1379,282,265,232,0.0
Type1_Vid1_Type1_Vid1_roi_roi_002_frame_0005940.png,C:\Users\colla\Documents\Research\Taka\FINAL\runs\Type1_Vid1_labels\selected_frames\Type1_Vid1_Type1_Vid1_roi_roi_002_frame_0005940.png,C:\Users\colla\Documents\Research\Taka\Videos\Type1_Vid1.mp4,5940,99.0,282,265,C:\Users\colla\Documents\Research\Taka\FINAL\runs\Type1_Vid1_roi.json,roi_002,2528,1379,282,265,130,0.0
Type1_Vid1_Type1_Vid1_roi_roi_002_frame_0006030.png,C:\Users\colla\Documents\Research\Taka\FINAL\runs\Type1_Vid1_labels\selected_frames\Type1_Vid1_Type1_Vid1_roi_roi_002_frame_0006030.png,C:\Users\colla\Documents\Research\Taka\Videos\Type1_Vid1.mp4,6030,100.5,282,265,C:\Users\colla\Documents\Research\Taka\FINAL\runs\Type1_Vid1_roi.json,roi_002,2528,1379,282,265,139,0.0
Type1_Vid1_Type1_Vid1_roi_roi_002_frame_0006120.png,C:\Users\colla\Documents\Research\Taka\FINAL\runs\Type1_Vid1_labels\selected_frames\Type1_Vid1_Type1_Vid1_roi_roi_002_frame_0006120.png,C:\Users\colla\Documents\Research\Taka\Videos\Type1_Vid1.mp4,6120,102.0,282,265,C:\Users\colla\Documents\Research\Taka\FINAL\runs\Type1_Vid1_roi.json,roi_002,2528,1379,282,265,213,0.0
Type1_Vid1_Type1_Vid1_roi_roi_002_frame_0006210.png,C:\Users\colla\Documents\Research\Taka\FINAL\runs\Type1_Vid1_labels\selected_frames\Type1_Vid1_Type1_Vid1_roi_roi_002_frame_0006210.png,C:\Users\colla\Documents\Research\Taka\Videos\Type1_Vid1.mp4,6210,103.5,282,265,C:\Users\colla\Documents\Research\Taka\FINAL\runs\Type1_Vid1_roi.json,roi_002,2528,1379,282,265,217,0.0
Type1_Vid1_Type1_Vid1_roi_roi_002_frame_0006300.png,C:\Users\colla\Documents\Research\Taka\FINAL\runs\Type1_Vid1_labels\selected_frames\Type1_Vid1_Type1_Vid1_roi_roi_002_frame_0006300.png,C:\Users\colla\Documents\Research\Taka\Videos\Type1_Vid1.mp4,6300,105.0,282,265,C:\Users\colla\Documents\Research\Taka\FINAL\runs\Type1_Vid1_roi.json,roi_002,2528,1379,282,265,236,0.0
Type1_Vid1_Type1_Vid1_roi_roi_002_frame_0006390.png,C:\Users\colla\Documents\Research\Taka\FINAL\runs\Type1_Vid1_labels\selected_frames\Type1_Vid1_Type1_Vid1_roi_roi_002_frame_0006390.png,C:\Users\colla\Documents\Research\Taka\Videos\Type1_Vid1.mp4,6390,106.5,282,265,C:\Users\colla\Documents\Research\Taka\FINAL\runs\Type1_Vid1_roi.json,roi_002,2528,1379,282,265,166,0.0
Type1_Vid1_Type1_Vid1_roi_roi_002_frame_0006480.png,C:\Users\colla\Documents\Research\Taka\FINAL\runs\Type1_Vid1_labels\selected_frames\Type1_Vid1_Type1_Vid1_roi_roi_002_frame_0006480.png,C:\Users\colla\Documents\Research\Taka\Videos\Type1_Vid1.mp4,6480,108.0,282,265,C:\Users\colla\Documents\Research\Taka\FINAL\runs\Type1_Vid1_roi.json,roi_002,2528,1379,282,265,210,0.0
Type1_Vid1_Type1_Vid1_roi_roi_002_frame_0006570.png,C:\Users\colla\Documents\Research\Taka\FINAL\runs\Type1_Vid1_labels\selected_frames\Type1_Vid1_Type1_Vid1_roi_roi_002_frame_0006570.png,C:\Users\colla\Documents\Research\Taka\Videos\Type1_Vid1.mp4,6570,109.5,282,265,C:\Users\colla\Documents\Research\Taka\FINAL\runs\Type1_Vid1_roi.json,roi_002,2528,1379,282,265,177,0.0
Type1_Vid1_Type1_Vid1_roi_roi_002_frame_0006660.png,C:\Users\colla\Documents\Research\Taka\FINAL\runs\Type1_Vid1_labels\selected_frames\Type1_Vid1_Type1_Vid1_roi_roi_002_frame_0006660.png,C:\Users\colla\Documents\Research\Taka\Videos\Type1_Vid1.mp4,6660,111.0,282,265,C:\Users\colla\Documents\Research\Taka\FINAL\runs\Type1_Vid1_roi.json,roi_002,2528,1379,282,265,196,0.0
Type1_Vid1_Type1_Vid1_roi_roi_002_frame_0006750.png,C:\Users\colla\Documents\Research\Taka\FINAL\runs\Type1_Vid1_labels\selected_frames\Type1_Vid1_Type1_Vid1_roi_roi_002_frame_0006750.png,C:\Users\colla\Documents\Research\Taka\Videos\Type1_Vid1.mp4,6750,112.5,282,265,C:\Users\colla\Documents\Research\Taka\FINAL\runs\Type1_Vid1_roi.json,roi_002,2528,1379,282,265,158,0.0
Type1_Vid1_Type1_Vid1_roi_roi_002_frame_0006840.png,C:\Users\colla\Documents\Research\Taka\FINAL\runs\Type1_Vid1_labels\selected_frames\Type1_Vid1_Type1_Vid1_roi_roi_002_frame_0006840.png,C:\Users\colla\Documents\Research\Taka\Videos\Type1_Vid1.mp4,6840,114.0,282,265,C:\Users\colla\Documents\Research\Taka\FINAL\runs\Type1_Vid1_roi.json,roi_002,2528,1379,282,265,237,0.0
Type1_Vid1_Type1_Vid1_roi_roi_002_frame_0006930.png,C:\Users\colla\Documents\Research\Taka\FINAL\runs\Type1_Vid1_labels\selected_frames\Type1_Vid1_Type1_Vid1_roi_roi_002_frame_0006930.png,C:\Users\colla\Documents\Research\Taka\Videos\Type1_Vid1.mp4,6930,115.5,282,265,C:\Users\colla\Documents\Research\Taka\FINAL\runs\Type1_Vid1_roi.json,roi_002,2528,1379,282,265,49,0.0
Type1_Vid1_Type1_Vid1_roi_roi_002_frame_0007020.png,C:\Users\colla\Documents\Research\Taka\FINAL\runs\Type1_Vid1_labels\selected_frames\Type1_Vid1_Type1_Vid1_roi_roi_002_frame_0007020.png,C:\Users\colla\Documents\Research\Taka\Videos\Type1_Vid1.mp4,7020,117.0,282,265,C:\Users\colla\Documents\Research\Taka\FINAL\runs\Type1_Vid1_roi.json,roi_002,2528,1379,282,265,123,0.0
Type1_Vid1_Type1_Vid1_roi_roi_002_frame_0007110.png,C:\Users\colla\Documents\Research\Taka\FINAL\runs\Type1_Vid1_labels\selected_frames\Type1_Vid1_Type1_Vid1_roi_roi_002_frame_0007110.png,C:\Users\colla\Documents\Research\Taka\Videos\Type1_Vid1.mp4,7110,118.5,282,265,C:\Users\colla\Documents\Research\Taka\FINAL\runs\Type1_Vid1_roi.json,roi_002,2528,1379,282,265,229,0.0
Type1_Vid1_Type1_Vid1_roi_roi_002_frame_0007200.png,C:\Users\colla\Documents\Research\Taka\FINAL\runs\Type1_Vid1_labels\selected_frames\Type1_Vid1_Type1_Vid1_roi_roi_002_frame_0007200.png,C:\Users\colla\Documents\Research\Taka\Videos\Type1_Vid1.mp4,7200,120.0,282,265,C:\Users\colla\Documents\Research\Taka\FINAL\runs\Type1_Vid1_roi.json,roi_002,2528,1379,282,265,154,0.0
Type1_Vid1_Type1_Vid1_roi_roi_002_frame_0007290.png,C:\Users\colla\Documents\Research\Taka\FINAL\runs\Type1_Vid1_labels\selected_frames\Type1_Vid1_Type1_Vid1_roi_roi_002_frame_0007290.png,C:\Users\colla\Documents\Research\Taka\Videos\Type1_Vid1.mp4,7290,121.5,282,265,C:\Users\colla\Documents\Research\Taka\FINAL\runs\Type1_Vid1_roi.json,roi_002,2528,1379,282,265,71,0.0
Type1_Vid1_Type1_Vid1_roi_roi_002_frame_0007380.png,C:\Users\colla\Documents\Research\Taka\FINAL\runs\Type1_Vid1_labels\selected_frames\Type1_Vid1_Type1_Vid1_roi_roi_002_frame_0007380.png,C:\Users\colla\Documents\Research\Taka\Videos\Type1_Vid1.mp4,7380,123.0,282,265,C:\Users\colla\Documents\Research\Taka\FINAL\runs\Type1_Vid1_roi.json,roi_002,2528,1379,282,265,155,0.0
Type1_Vid1_Type1_Vid1_roi_roi_002_frame_0007470.png,C:\Users\colla\Documents\Research\Taka\FINAL\runs\Type1_Vid1_labels\selected_frames\Type1_Vid1_Type1_Vid1_roi_roi_002_frame_0007470.png,C:\Users\colla\Documents\Research\Taka\Videos\Type1_Vid1.mp4,7470,124.5,282,265,C:\Users\colla\Documents\Research\Taka\FINAL\runs\Type1_Vid1_roi.json,roi_002,2528,1379,282,265,116,0.0
Type1_Vid1_Type1_Vid1_roi_roi_002_frame_0007560.png,C:\Users\colla\Documents\Research\Taka\FINAL\runs\Type1_Vid1_labels\selected_frames\Type1_Vid1_Type1_Vid1_roi_roi_002_frame_0007560.png,C:\Users\colla\Documents\Research\Taka\Videos\Type1_Vid1.mp4,7560,126.0,282,265,C:\Users\colla\Documents\Research\Taka\FINAL\runs\Type1_Vid1_roi.json,roi_002,2528,1379,282,265,231,0.0
Type1_Vid1_Type1_Vid1_roi_roi_002_frame_0007650.png,C:\Users\colla\Documents\Research\Taka\FINAL\runs\Type1_Vid1_labels\selected_frames\Type1_Vid1_Type1_Vid1_roi_roi_002_frame_0007650.png,C:\Users\colla\Documents\Research\Taka\Videos\Type1_Vid1.mp4,7650,127.5,282,265,C:\Users\colla\Documents\Research\Taka\FINAL\runs\Type1_Vid1_roi.json,roi_002,2528,1379,282,265,242,0.0
Type1_Vid1_Type1_Vid1_roi_roi_002_frame_0007740.png,C:\Users\colla\Documents\Research\Taka\FINAL\runs\Type1_Vid1_labels\selected_frames\Type1_Vid1_Type1_Vid1_roi_roi_002_frame_0007740.png,C:\Users\colla\Documents\Research\Taka\Videos\Type1_Vid1.mp4,7740,129.0,282,265,C:\Users\colla\Documents\Research\Taka\FINAL\runs\Type1_Vid1_roi.json,roi_002,2528,1379,282,265,179,0.0
Type1_Vid1_Type1_Vid1_roi_roi_002_frame_0007830.png,C:\Users\colla\Documents\Research\Taka\FINAL\runs\Type1_Vid1_labels\selected_frames\Type1_Vid1_Type1_Vid1_roi_roi_002_frame_0007830.png,C:\Users\colla\Documents\Research\Taka\Videos\Type1_Vid1.mp4,7830,130.5,282,265,C:\Users\colla\Documents\Research\Taka\FINAL\runs\Type1_Vid1_roi.json,roi_002,2528,1379,282,265,192,0.0
Type1_Vid1_Type1_Vid1_roi_roi_002_frame_0007920.png,C:\Users\colla\Documents\Research\Taka\FINAL\runs\Type1_Vid1_labels\selected_frames\Type1_Vid1_Type1_Vid1_roi_roi_002_frame_0007920.png,C:\Users\colla\Documents\Research\Taka\Videos\Type1_Vid1.mp4,7920,132.0,282,265,C:\Users\colla\Documents\Research\Taka\FINAL\runs\Type1_Vid1_roi.json,roi_002,2528,1379,282,265,84,0.0
Type1_Vid1_Type1_Vid1_roi_roi_002_frame_0008010.png,C:\Users\colla\Documents\Research\Taka\FINAL\runs\Type1_Vid1_labels\selected_frames\Type1_Vid1_Type1_Vid1_roi_roi_002_frame_0008010.png,C:\Users\colla\Documents\Research\Taka\Videos\Type1_Vid1.mp4,8010,133.5,282,265,C:\Users\colla\Documents\Research\Taka\FINAL\runs\Type1_Vid1_roi.json,roi_002,2528,1379,282,265,103,0.0
Type1_Vid1_Type1_Vid1_roi_roi_002_frame_0008100.png,C:\Users\colla\Documents\Research\Taka\FINAL\runs\Type1_Vid1_labels\selected_frames\Type1_Vid1_Type1_Vid1_roi_roi_002_frame_0008100.png,C:\Users\colla\Documents\Research\Taka\Videos\Type1_Vid1.mp4,8100,135.0,282,265,C:\Users\colla\Documents\Research\Taka\FINAL\runs\Type1_Vid1_roi.json,roi_002,2528,1379,282,265,137,0.0
Type1_Vid1_Type1_Vid1_roi_roi_002_frame_0008190.png,C:\Users\colla\Documents\Research\Taka\FINAL\runs\Type1_Vid1_labels\selected_frames\Type1_Vid1_Type1_Vid1_roi_roi_002_frame_0008190.png,C:\Users\colla\Documents\Research\Taka\Videos\Type1_Vid1.mp4,8190,136.5,282,265,C:\Users\colla\Documents\Research\Taka\FINAL\runs\Type1_Vid1_roi.json,roi_002,2528,1379,282,265,83,0.0
Type1_Vid1_Type1_Vid1_roi_roi_002_frame_0008280.png,C:\Users\colla\Documents\Research\Taka\FINAL\runs\Type1_Vid1_labels\selected_frames\Type1_Vid1_Type1_Vid1_roi_roi_002_frame_0008280.png,C:\Users\colla\Documents\Research\Taka\Videos\Type1_Vid1.mp4,8280,138.0,282,265,C:\Users\colla\Documents\Research\Taka\FINAL\runs\Type1_Vid1_roi.json,roi_002,2528,1379,282,265,233,0.0
Type1_Vid1_Type1_Vid1_roi_roi_002_frame_0008370.png,C:\Users\colla\Documents\Research\Taka\FINAL\runs\Type1_Vid1_labels\selected_frames\Type1_Vid1_Type1_Vid1_roi_roi_002_frame_0008370.png,C:\Users\colla\Documents\Research\Taka\Videos\Type1_Vid1.mp4,8370,139.5,282,265,C:\Users\colla\Documents\Research\Taka\FINAL\runs\Type1_Vid1_roi.json,roi_002,2528,1379,282,265,201,0.0
Type1_Vid1_Type1_Vid1_roi_roi_002_frame_0008460.png,C:\Users\colla\Documents\Research\Taka\FINAL\runs\Type1_Vid1_labels\selected_frames\Type1_Vid1_Type1_Vid1_roi_roi_002_frame_0008460.png,C:\Users\colla\Documents\Research\Taka\Videos\Type1_Vid1.mp4,8460,141.0,282,265,C:\Users\colla\Documents\Research\Taka\FINAL\runs\Type1_Vid1_roi.json,roi_002,2528,1379,282,265,206,0.0
Type1_Vid1_Type1_Vid1_roi_roi_002_frame_0008550.png,C:\Users\colla\Documents\Research\Taka\FINAL\runs\Type1_Vid1_labels\selected_frames\Type1_Vid1_Type1_Vid1_roi_roi_002_frame_0008550.png,C:\Users\colla\Documents\Research\Taka\Videos\Type1_Vid1.mp4,8550,142.5,282,265,C:\Users\colla\Documents\Research\Taka\FINAL\runs\Type1_Vid1_roi.json,roi_002,2528,1379,282,265,205,0.0
Type1_Vid1_Type1_Vid1_roi_roi_002_frame_0008640.png,C:\Users\colla\Documents\Research\Taka\FINAL\runs\Type1_Vid1_labels\selected_frames\Type1_Vid1_Type1_Vid1_roi_roi_002_frame_0008640.png,C:\Users\colla\Documents\Research\Taka\Videos\Type1_Vid1.mp4,8640,144.0,282,265,C:\Users\colla\Documents\Research\Taka\FINAL\runs\Type1_Vid1_roi.json,roi_002,2528,1379,282,265,79,0.0
Type1_Vid1_Type1_Vid1_roi_roi_002_frame_0008730.png,C:\Users\colla\Documents\Research\Taka\FINAL\runs\Type1_Vid1_labels\selected_frames\Type1_Vid1_Type1_Vid1_roi_roi_002_frame_0008730.png,C:\Users\colla\Documents\Research\Taka\Videos\Type1_Vid1.mp4,8730,145.5,282,265,C:\Users\colla\Documents\Research\Taka\FINAL\runs\Type1_Vid1_roi.json,roi_002,2528,1379,282,265,88,0.0
Type1_Vid1_Type1_Vid1_roi_roi_002_frame_0008820.png,C:\Users\colla\Documents\Research\Taka\FINAL\runs\Type1_Vid1_labels\selected_frames\Type1_Vid1_Type1_Vid1_roi_roi_002_frame_0008820.png,C:\Users\colla\Documents\Research\Taka\Videos\Type1_Vid1.mp4,8820,147.0,282,265,C:\Users\colla\Documents\Research\Taka\FINAL\runs\Type1_Vid1_roi.json,roi_002,2528,1379,282,265,211,0.0
Type1_Vid1_Type1_Vid1_roi_roi_002_frame_0008910.png,C:\Users\colla\Documents\Research\Taka\FINAL\runs\Type1_Vid1_labels\selected_frames\Type1_Vid1_Type1_Vid1_roi_roi_002_frame_0008910.png,C:\Users\colla\Documents\Research\Taka\Videos\Type1_Vid1.mp4,8910,148.5,282,265,C:\Users\colla\Documents\Research\Taka\FINAL\runs\Type1_Vid1_roi.json,roi_002,2528,1379,282,265,218,0.0
Type1_Vid1_Type1_Vid1_roi_roi_002_frame_0009000.png,C:\Users\colla\Documents\Research\Taka\FINAL\runs\Type1_Vid1_labels\selected_frames\Type1_Vid1_Type1_Vid1_roi_roi_002_frame_0009000.png,C:\Users\colla\Documents\Research\Taka\Videos\Type1_Vid1.mp4,9000,150.0,282,265,C:\Users\colla\Documents\Research\Taka\FINAL\runs\Type1_Vid1_roi.json,roi_002,2528,1379,282,265,172,0.0
Type1_Vid1_Type1_Vid1_roi_roi_002_frame_0009090.png,C:\Users\colla\Documents\Research\Taka\FINAL\runs\Type1_Vid1_labels\selected_frames\Type1_Vid1_Type1_Vid1_roi_roi_002_frame_0009090.png,C:\Users\colla\Documents\Research\Taka\Videos\Type1_Vid1.mp4,9090,151.5,282,265,C:\Users\colla\Documents\Research\Taka\FINAL\runs\Type1_Vid1_roi.json,roi_002,2528,1379,282,265,245,0.0
Type1_Vid1_Type1_Vid1_roi_roi_002_frame_0009180.png,C:\Users\colla\Documents\Research\Taka\FINAL\runs\Type1_Vid1_labels\selected_frames\Type1_Vid1_Type1_Vid1_roi_roi_002_frame_0009180.png,C:\Users\colla\Documents\Research\Taka\Videos\Type1_Vid1.mp4,9180,153.0,282,265,C:\Users\colla\Documents\Research\Taka\FINAL\runs\Type1_Vid1_roi.json,roi_002,2528,1379,282,265,152,0.0
Type1_Vid1_Type1_Vid1_roi_roi_002_frame_0009270.png,C:\Users\colla\Documents\Research\Taka\FINAL\runs\Type1_Vid1_labels\selected_frames\Type1_Vid1_Type1_Vid1_roi_roi_002_frame_0009270.png,C:\Users\colla\Documents\Research\Taka\Videos\Type1_Vid1.mp4,9270,154.5,282,265,C:\Users\colla\Documents\Research\Taka\FINAL\runs\Type1_Vid1_roi.json,roi_002,2528,1379,282,265,203,0.0
Type1_Vid1_Type1_Vid1_roi_roi_002_frame_0009360.png,C:\Users\colla\Documents\Research\Taka\FINAL\runs\Type1_Vid1_labels\selected_frames\Type1_Vid1_Type1_Vid1_roi_roi_002_frame_0009360.png,C:\Users\colla\Documents\Research\Taka\Videos\Type1_Vid1.mp4,9360,156.0,282,265,C:\Users\colla\Documents\Research\Taka\FINAL\runs\Type1_Vid1_roi.json,roi_002,2528,1379,282,265,51,0.0
Type1_Vid1_Type1_Vid1_roi_roi_002_frame_0009450.png,C:\Users\colla\Documents\Research\Taka\FINAL\runs\Type1_Vid1_labels\selected_frames\Type1_Vid1_Type1_Vid1_roi_roi_002_frame_0009450.png,C:\Users\colla\Documents\Research\Taka\Videos\Type1_Vid1.mp4,9450,157.5,282,265,C:\Users\colla\Documents\Research\Taka\FINAL\runs\Type1_Vid1_roi.json,roi_002,2528,1379,282,265,160,0.0
Type1_Vid1_Type1_Vid1_roi_roi_002_frame_0009540.png,C:\Users\colla\Documents\Research\Taka\FINAL\runs\Type1_Vid1_labels\selected_frames\Type1_Vid1_Type1_Vid1_roi_roi_002_frame_0009540.png,C:\Users\colla\Documents\Research\Taka\Videos\Type1_Vid1.mp4,9540,159.0,282,265,C:\Users\colla\Documents\Research\Taka\FINAL\runs\Type1_Vid1_roi.json,roi_002,2528,1379,282,265,93,0.0
Type1_Vid1_Type1_Vid1_roi_roi_002_frame_0009630.png,C:\Users\colla\Documents\Research\Taka\FINAL\runs\Type1_Vid1_labels\selected_frames\Type1_Vid1_Type1_Vid1_roi_roi_002_frame_0009630.png,C:\Users\colla\Documents\Research\Taka\Videos\Type1_Vid1.mp4,9630,160.5,282,265,C:\Users\colla\Documents\Research\Taka\FINAL\runs\Type1_Vid1_roi.json,roi_002,2528,1379,282,265,162,0.0
Type1_Vid1_Type1_Vid1_roi_roi_002_frame_0009720.png,C:\Users\colla\Documents\Research\Taka\FINAL\runs\Type1_Vid1_labels\selected_frames\Type1_Vid1_Type1_Vid1_roi_roi_002_frame_0009720.png,C:\Users\colla\Documents\Research\Taka\Videos\Type1_Vid1.mp4,9720,162.0,282,265,C:\Users\colla\Documents\Research\Taka\FINAL\runs\Type1_Vid1_roi.json,roi_002,2528,1379,282,265,221,0.0
Type1_Vid1_Type1_Vid1_roi_roi_002_frame_0009810.png,C:\Users\colla\Documents\Research\Taka\FINAL\runs\Type1_Vid1_labels\selected_frames\Type1_Vid1_Type1_Vid1_roi_roi_002_frame_0009810.png,C:\Users\colla\Documents\Research\Taka\Videos\Type1_Vid1.mp4,9810,163.5,282,265,C:\Users\colla\Documents\Research\Taka\FINAL\runs\Type1_Vid1_roi.json,roi_002,2528,1379,282,265,243,0.0
Type1_Vid1_Type1_Vid1_roi_roi_002_frame_0009900.png,C:\Users\colla\Documents\Research\Taka\FINAL\runs\Type1_Vid1_labels\selected_frames\Type1_Vid1_Type1_Vid1_roi_roi_002_frame_0009900.png,C:\Users\colla\Documents\Research\Taka\Videos\Type1_Vid1.mp4,9900,165.0,282,265,C:\Users\colla\Documents\Research\Taka\FINAL\runs\Type1_Vid1_roi.json,roi_002,2528,1379,282,265,225,0.0
Type1_Vid1_Type1_Vid1_roi_roi_002_frame_0009990.png,C:\Users\colla\Documents\Research\Taka\FINAL\runs\Type1_Vid1_labels\selected_frames\Type1_Vid1_Type1_Vid1_roi_roi_002_frame_0009990.png,C:\Users\colla\Documents\Research\Taka\Videos\Type1_Vid1.mp4,9990,166.5,282,265,C:\Users\colla\Documents\Research\Taka\FINAL\runs\Type1_Vid1_roi.json,roi_002,2528,1379,282,265,156,0.0
Type1_Vid1_Type1_Vid1_roi_roi_002_frame_0010080.png,C:\Users\colla\Documents\Research\Taka\FINAL\runs\Type1_Vid1_labels\selected_frames\Type1_Vid1_Type1_Vid1_roi_roi_002_frame_0010080.png,C:\Users\colla\Documents\Research\Taka\Videos\Type1_Vid1.mp4,10080,168.0,282,265,C:\Users\colla\Documents\Research\Taka\FINAL\runs\Type1_Vid1_roi.json,roi_002,2528,1379,282,265,143,0.0
Type1_Vid1_Type1_Vid1_roi_roi_002_frame_0010170.png,C:\Users\colla\Documents\Research\Taka\FINAL\runs\Type1_Vid1_labels\selected_frames\Type1_Vid1_Type1_Vid1_roi_roi_002_frame_0010170.png,C:\Users\colla\Documents\Research\Taka\Videos\Type1_Vid1.mp4,10170,169.5,282,265,C:\Users\colla\Documents\Research\Taka\FINAL\runs\Type1_Vid1_roi.json,roi_002,2528,1379,282,265,57,0.0
Type1_Vid1_Type1_Vid1_roi_roi_002_frame_0010260.png,C:\Users\colla\Documents\Research\Taka\FINAL\runs\Type1_Vid1_labels\selected_frames\Type1_Vid1_Type1_Vid1_roi_roi_002_frame_0010260.png,C:\Users\colla\Documents\Research\Taka\Videos\Type1_Vid1.mp4,10260,171.0,282,265,C:\Users\colla\Documents\Research\Taka\FINAL\runs\Type1_Vid1_roi.json,roi_002,2528,1379,282,265,214,0.0
Type1_Vid1_Type1_Vid1_roi_roi_002_frame_0010350.png,C:\Users\colla\Documents\Research\Taka\FINAL\runs\Type1_Vid1_labels\selected_frames\Type1_Vid1_Type1_Vid1_roi_roi_002_frame_0010350.png,C:\Users\colla\Documents\Research\Taka\Videos\Type1_Vid1.mp4,10350,172.5,282,265,C:\Users\colla\Documents\Research\Taka\FINAL\runs\Type1_Vid1_roi.json,roi_002,2528,1379,282,265,61,0.0
Type1_Vid1_Type1_Vid1_roi_roi_002_frame_0010440.png,C:\Users\colla\Documents\Research\Taka\FINAL\runs\Type1_Vid1_labels\selected_frames\Type1_Vid1_Type1_Vid1_roi_roi_002_frame_0010440.png,C:\Users\colla\Documents\Research\Taka\Videos\Type1_Vid1.mp4,10440,174.0,282,265,C:\Users\colla\Documents\Research\Taka\FINAL\runs\Type1_Vid1_roi.json,roi_002,2528,1379,282,265,234,0.0
Type1_Vid1_Type1_Vid1_roi_roi_002_frame_0010530.png,C:\Users\colla\Documents\Research\Taka\FINAL\runs\Type1_Vid1_labels\selected_frames\Type1_Vid1_Type1_Vid1_roi_roi_002_frame_0010530.png,C:\Users\colla\Documents\Research\Taka\Videos\Type1_Vid1.mp4,10530,175.5,282,265,C:\Users\colla\Documents\Research\Taka\FINAL\runs\Type1_Vid1_roi.json,roi_002,2528,1379,282,265,74,0.0
Type1_Vid1_Type1_Vid1_roi_roi_002_frame_0010620.png,C:\Users\colla\Documents\Research\Taka\FINAL\runs\Type1_Vid1_labels\selected_frames\Type1_Vid1_Type1_Vid1_roi_roi_002_frame_0010620.png,C:\Users\colla\Documents\Research\Taka\Videos\Type1_Vid1.mp4,10620,177.0,282,265,C:\Users\colla\Documents\Research\Taka\FINAL\runs\Type1_Vid1_roi.json,roi_002,2528,1379,282,265,209,0.0
Type1_Vid1_Type1_Vid1_roi_roi_002_frame_0010710.png,C:\Users\colla\Documents\Research\Taka\FINAL\runs\Type1_Vid1_labels\selected_frames\Type1_Vid1_Type1_Vid1_roi_roi_002_frame_0010710.png,C:\Users\colla\Documents\Research\Taka\Videos\Type1_Vid1.mp4,10710,178.5,282,265,C:\Users\colla\Documents\Research\Taka\FINAL\runs\Type1_Vid1_roi.json,roi_002,2528,1379,282,265,215,0.0
Type1_Vid1_Type1_Vid1_roi_roi_002_frame_0010800.png,C:\Users\colla\Documents\Research\Taka\FINAL\runs\Type1_Vid1_labels\selected_frames\Type1_Vid1_Type1_Vid1_roi_roi_002_frame_0010800.png,C:\Users\colla\Documents\Research\Taka\Videos\Type1_Vid1.mp4,10800,180.0,282,265,C:\Users\colla\Documents\Research\Taka\FINAL\runs\Type1_Vid1_roi.json,roi_002,2528,1379,282,265,72,0.0
Type1_Vid1_Type1_Vid1_roi_roi_002_frame_0010890.png,C:\Users\colla\Documents\Research\Taka\FINAL\runs\Type1_Vid1_labels\selected_frames\Type1_Vid1_Type1_Vid1_roi_roi_002_frame_0010890.png,C:\Users\colla\Documents\Research\Taka\Videos\Type1_Vid1.mp4,10890,181.5,282,265,C:\Users\colla\Documents\Research\Taka\FINAL\runs\Type1_Vid1_roi.json,roi_002,2528,1379,282,265,238,0.0
Type1_Vid1_Type1_Vid1_roi_roi_002_frame_0010980.png,C:\Users\colla\Documents\Research\Taka\FINAL\runs\Type1_Vid1_labels\selected_frames\Type1_Vid1_Type1_Vid1_roi_roi_002_frame_0010980.png,C:\Users\colla\Documents\Research\Taka\Videos\Type1_Vid1.mp4,10980,183.0,282,265,C:\Users\colla\Documents\Research\Taka\FINAL\runs\Type1_Vid1_roi.json,roi_002,2528,1379,282,265,117,0.0
Type1_Vid1_Type1_Vid1_roi_roi_002_frame_0011070.png,C:\Users\colla\Documents\Research\Taka\FINAL\runs\Type1_Vid1_labels\selected_frames\Type1_Vid1_Type1_Vid1_roi_roi_002_frame_0011070.png,C:\Users\colla\Documents\Research\Taka\Videos\Type1_Vid1.mp4,11070,184.5,282,265,C:\Users\colla\Documents\Research\Taka\FINAL\runs\Type1_Vid1_roi.json,roi_002,2528,1379,282,265,66,0.0
Type1_Vid1_Type1_Vid1_roi_roi_002_frame_0011160.png,C:\Users\colla\Documents\Research\Taka\FINAL\runs\Type1_Vid1_labels\selected_frames\Type1_Vid1_Type1_Vid1_roi_roi_002_frame_0011160.png,C:\Users\colla\Documents\Research\Taka\Videos\Type1_Vid1.mp4,11160,186.0,282,265,C:\Users\colla\Documents\Research\Taka\FINAL\runs\Type1_Vid1_roi.json,roi_002,2528,1379,282,265,141,0.0
