image_name,image_path,video_path,source_frame_index,source_time_seconds,width,height,roi_json,roi_id,roi_x,roi_y,roi_width,roi_height,selection_group,reference_roi_json,exclusion_json,candidate_id,quality_score,motion_score,contrast_score,sharpness_score,exposure_score,excluded_fraction,cluster_id,distance_to_cluster_center
Type1_Vid1_beginning_random_roi_0001_frame_000000266_x1226_y1460.png,C:\Users\colla\Documents\Research\Taka\FINAL\runs\random_roi_smoke\sampled_defaultish\selected_frames\Type1_Vid1_beginning_random_roi_0001_frame_000000266_x1226_y1460.png,C:\Users\colla\Documents\Research\Taka\Videos\Type1_Vid1.mp4,266,4.433333,324,291,,random_roi_0001,1226,1460,324,291,beginning,C:\Users\colla\Documents\Research\Taka\FINAL\runs\Type1_Vid1_roi.json,C:\Users\colla\Documents\Research\Taka\FINAL\runs\random_roi_smoke\exclusions.json,8,0.44677419,0.00814288,2.36413614,2.00558925,1.0,0.0,0,7.61096764
Type1_Vid1_beginning_random_roi_0002_frame_000000664_x2323_y1751.png,C:\Users\colla\Documents\Research\Taka\FINAL\runs\random_roi_smoke\sampled_defaultish\selected_frames\Type1_Vid1_beginning_random_roi_0002_frame_000000664_x2323_y1751.png,C:\Users\colla\Documents\Research\Taka\Videos\Type1_Vid1.mp4,664,11.066667,284,267,,random_roi_0002,2323,1751,284,267,beginning,C:\Users\colla\Documents\Research\Taka\FINAL\runs\Type1_Vid1_roi.json,C:\Users\colla\Documents\Research\Taka\FINAL\runs\random_roi_smoke\exclusions.json,12,0.22903226,0.00785866,2.95636462,0.45686248,1.0,0.0,3,6.84382057
Type1_Vid1_beginning_random_roi_0003_frame_000000758_x1476_y468.png,C:\Users\colla\Documents\Research\Taka\FINAL\runs\random_roi_smoke\sampled_defaultish\selected_frames\Type1_Vid1_beginning_random_roi_0003_frame_000000758_x1476_y468.png,C:\Users\colla\Documents\Research\Taka\Videos\Type1_Vid1.mp4,758,12.633333,288,271,,random_roi_0003,1476,468,288,271,beginning,C:\Users\colla\Documents\Research\Taka\FINAL\runs\Type1_Vid1_roi.json,C:\Users\colla\Documents\Research\Taka\FINAL\runs\random_roi_smoke\exclusions.json,19,0.87903226,0.00989945,22.13096196,89.08375549,1.0,0.0,7,20.39485168
Type1_Vid1_beginning_random_roi_0004_frame_000000758_x691_y1378.png,C:\Users\colla\Documents\Research\Taka\FINAL\runs\random_roi_smoke\sampled_defaultish\selected_frames\Type1_Vid1_beginning_random_roi_0004_frame_000000758_x691_y1378.png,C:\Users\colla\Documents\Research\Taka\Videos\Type1_Vid1.mp4,758,12.633333,291,273,,random_roi_0004,691,1378,291,273,beginning,C:\Users\colla\Documents\Research\Taka\FINAL\runs\Type1_Vid1_roi.json,C:\Users\colla\Documents\Research\Taka\FINAL\runs\random_roi_smoke\exclusions.json,22,0.75483871,0.00933472,17.09350553,154.79884338,0.99392017,0.0,6,0.0
Type1_Vid1_beginning_random_roi_0005_frame_000001137_x2353_y1036.png,C:\Users\colla\Documents\Research\Taka\FINAL\runs\random_roi_smoke\sampled_defaultish\selected_frames\Type1_Vid1_beginning_random_roi_0005_frame_000001137_x2353_y1036.png,C:\Users\colla\Documents\Research\Taka\Videos\Type1_Vid1.mp4,1137,18.95,303,273,,random_roi_0005,2353,1036,303,273,beginning,C:\Users\colla\Documents\Research\Taka\FINAL\runs\Type1_Vid1_roi.json,C:\Users\colla\Documents\Research\Taka\FINAL\runs\random_roi_smoke\exclusions.json,25,0.87096774,0.01530218,15.90147277,4.30058289,1.0,0.0,2,25.23981285
Type1_Vid1_beginning_random_roi_0006_frame_000001137_x700_y494.png,C:\Users\colla\Documents\Research\Taka\FINAL\runs\random_roi_smoke\sampled_defaultish\selected_frames\Type1_Vid1_beginning_random_roi_0006_frame_000001137_x700_y494.png,C:\Users\colla\Documents\Research\Taka\Videos\Type1_Vid1.mp4,1137,18.95,279,262,,random_roi_0006,700,494,279,262,beginning,C:\Users\colla\Documents\Research\Taka\FINAL\runs\Type1_Vid1_roi.json,C:\Users\colla\Documents\Research\Taka\FINAL\runs\random_roi_smoke\exclusions.json,26,0.58548387,0.00883159,2.45880546,0.42945084,1.0,0.0,5,12.4516077
Type1_Vid1_beginning_random_roi_0007_frame_000001137_x3125_y759.png,C:\Users\colla\Documents\Research\Taka\FINAL\runs\random_roi_smoke\sampled_defaultish\selected_frames\Type1_Vid1_beginning_random_roi_0007_frame_000001137_x3125_y759.png,C:\Users\colla\Documents\Research\Taka\Videos\Type1_Vid1.mp4,1137,18.95,266,250,,random_roi_0007,3125,759,266,250,beginning,C:\Users\colla\Documents\Research\Taka\FINAL\runs\Type1_Vid1_roi.json,C:\Users\colla\Documents\Research\Taka\FINAL\runs\random_roi_smoke\exclusions.json,28,0.35806452,0.00733599,5.98861307,1.97162306,1.0,0.0,4,21.21364021
Type1_Vid1_beginning_random_roi_0008_frame_000001137_x1849_y471.png,C:\Users\colla\Documents\Research\Taka\FINAL\runs\random_roi_smoke\sampled_defaultish\selected_frames\Type1_Vid1_beginning_random_roi_0008_frame_000001137_x1849_y471.png,C:\Users\colla\Documents\Research\Taka\Videos\Type1_Vid1.mp4,1137,18.95,280,263,,random_roi_0008,1849,471,280,263,beginning,C:\Users\colla\Documents\Research\Taka\FINAL\runs\Type1_Vid1_roi.json,C:\Users\colla\Documents\Research\Taka\FINAL\runs\random_roi_smoke\exclusions.json,32,0.83387097,0.01157289,38.03358924,76.97740173,0.99995926,0.0,1,20.33843231
Type1_Vid1_random_random_roi_0009_frame_000002039_x924_y1419.png,C:\Users\colla\Documents\Research\Taka\FINAL\runs\random_roi_smoke\sampled_defaultish\selected_frames\Type1_Vid1_random_random_roi_0009_frame_000002039_x924_y1419.png,C:\Users\colla\Documents\Research\Taka\Videos\Type1_Vid1.mp4,2039,33.983333,291,274,,random_roi_0009,924,1419,291,274,random,C:\Users\colla\Documents\Research\Taka\FINAL\runs\Type1_Vid1_roi.json,C:\Users\colla\Documents\Research\Taka\FINAL\runs\random_roi_smoke\exclusions.json,33,0.68492063,0.00812852,14.55593777,112.28562164,0.99607445,0.0,9,0.0
Type1_Vid1_random_random_roi_0010_frame_000002039_x751_y1499.png,C:\Users\colla\Documents\Research\Taka\FINAL\runs\random_roi_smoke\sampled_defaultish\selected_frames\Type1_Vid1_random_random_roi_0010_frame_000002039_x751_y1499.png,C:\Users\colla\Documents\Research\Taka\Videos\Type1_Vid1.mp4,2039,33.983333,282,265,,random_roi_0010,751,1499,282,265,random,C:\Users\colla\Documents\Research\Taka\FINAL\runs\Type1_Vid1_roi.json,C:\Users\colla\Documents\Research\Taka\FINAL\runs\random_roi_smoke\exclusions.json,38,0.66825397,0.00806888,16.82940552,149.44160461,0.99391141,0.0,7,0.0
Type1_Vid1_random_random_roi_0011_frame_000002582_x3092_y1735.png,C:\Users\colla\Documents\Research\Taka\FINAL\runs\random_roi_smoke\sampled_defaultish\selected_frames\Type1_Vid1_random_random_roi_0011_frame_000002582_x3092_y1735.png,C:\Users\colla\Documents\Research\Taka\Videos\Type1_Vid1.mp4,2582,43.033333,278,250,,random_roi_0011,3092,1735,278,250,random,C:\Users\colla\Documents\Research\Taka\FINAL\runs\Type1_Vid1_roi.json,C:\Users\colla\Documents\Research\Taka\FINAL\runs\random_roi_smoke\exclusions.json,46,0.76111111,0.00848075,8.78279298,4.9321003,1.0,0.0,0,13.51806068
Type1_Vid1_random_random_roi_0012_frame_000002582_x2840_y1337.png,C:\Users\colla\Documents\Research\Taka\FINAL\runs\random_roi_smoke\sampled_defaultish\selected_frames\Type1_Vid1_random_random_roi_0012_frame_000002582_x2840_y1337.png,C:\Users\colla\Documents\Research\Taka\Videos\Type1_Vid1.mp4,2582,43.033333,294,265,,random_roi_0012,2840,1337,294,265,random,C:\Users\colla\Documents\Research\Taka\FINAL\runs\Type1_Vid1_roi.json,C:\Users\colla\Documents\Research\Taka\FINAL\runs\random_roi_smoke\exclusions.json,48,0.48333333,0.00791361,6.98910634,1.20922661,1.0,0.0,11,0.0
Type1_Vid1_random_random_roi_0013_frame_000003024_x1813_y1508.png,C:\Users\colla\Documents\Research\Taka\FINAL\runs\random_roi_smoke\sampled_defaultish\selected_frames\Type1_Vid1_random_random_roi_0013_frame_000003024_x1813_y1508.png,C:\Users\colla\Documents\Research\Taka\Videos\Type1_Vid1.mp4,3024,50.4,284,255,,random_roi_0013,1813,1508,284,255,random,C:\Users\colla\Documents\Research\Taka\FINAL\runs\Type1_Vid1_roi.json,C:\Users\colla\Documents\Research\Taka\FINAL\runs\random_roi_smoke\exclusions.json,53,0.63095238,0.00811938,2.80537739,6.44109344,1.0,0.0,8,15.69418144
Type1_Vid1_random_random_roi_0014_frame_000003680_x1311_y1007.png,C:\Users\colla\Documents\Research\Taka\FINAL\runs\random_roi_smoke\sampled_defaultish\selected_frames\Type1_Vid1_random_random_roi_0014_frame_000003680_x1311_y1007.png,C:\Users\colla\Documents\Research\Taka\Videos\Type1_Vid1.mp4,3680,61.333333,281,253,,random_roi_0014,1311,1007,281,253,random,C:\Users\colla\Documents\Research\Taka\FINAL\runs\Type1_Vid1_roi.json,C:\Users\colla\Documents\Research\Taka\FINAL\runs\random_roi_smoke\exclusions.json,59,0.68650794,0.01128418,2.66958203,0.51605636,1.0,0.0,1,6.97509718
Type1_Vid1_random_random_roi_0015_frame_000003680_x1841_y940.png,C:\Users\colla\Documents\Research\Taka\FINAL\runs\random_roi_smoke\sampled_defaultish\selected_frames\Type1_Vid1_random_random_roi_0015_frame_000003680_x1841_y940.png,C:\Users\colla\Documents\Research\Taka\Videos\Type1_Vid1.mp4,3680,61.333333,301,271,,random_roi_0015,1841,940,301,271,random,C:\Users\colla\Documents\Research\Taka\FINAL\runs\Type1_Vid1_roi.json,C:\Users\colla\Documents\Research\Taka\FINAL\runs\random_roi_smoke\exclusions.json,60,0.7968254,0.01043185,7.32591082,2.52745414,1.0,0.0,3,6.89170218
Type1_Vid1_random_random_roi_0016_frame_000003680_x3061_y815.png,C:\Users\colla\Documents\Research\Taka\FINAL\runs\random_roi_smoke\sampled_defaultish\selected_frames\Type1_Vid1_random_random_roi_0016_frame_000003680_x3061_y815.png,C:\Users\colla\Documents\Research\Taka\Videos\Type1_Vid1.mp4,3680,61.333333,301,283,,random_roi_0016,3061,815,301,283,random,C:\Users\colla\Documents\Research\Taka\FINAL\runs\Type1_Vid1_roi.json,C:\Users\colla\Documents\Research\Taka\FINAL\runs\random_roi_smoke\exclusions.json,62,0.8047619,0.01217944,6.84765003,1.30814815,1.0,0.0,14,6.4593153
Type1_Vid1_random_random_roi_0017_frame_000004157_x2510_y680.png,C:\Users\colla\Documents\Research\Taka\FINAL\runs\random_roi_smoke\sampled_defaultish\selected_frames\Type1_Vid1_random_random_roi_0017_frame_000004157_x2510_y680.png,C:\Users\colla\Documents\Research\Taka\Videos\Type1_Vid1.mp4,4157,69.283333,266,250,,random_roi_0017,2510,680,266,250,random,C:\Users\colla\Documents\Research\Taka\FINAL\runs\Type1_Vid1_roi.json,C:\Users\colla\Documents\Research\Taka\FINAL\runs\random_roi_smoke\exclusions.json,67,0.36507937,0.00786673,2.93091864,0.47637594,1.0,0.0,2,9.11070156
Type1_Vid1_random_random_roi_0018_frame_000004157_x1784_y413.png,C:\Users\colla\Documents\Research\Taka\FINAL\runs\random_roi_smoke\sampled_defaultish\selected_frames\Type1_Vid1_random_random_roi_0018_frame_000004157_x1784_y413.png,C:\Users\colla\Documents\Research\Taka\Videos\Type1_Vid1.mp4,4157,69.283333,292,263,,random_roi_0018,1784,413,292,263,random,C:\Users\colla\Documents\Research\Taka\FINAL\runs\Type1_Vid1_roi.json,C:\Users\colla\Documents\Research\Taka\FINAL\runs\random_roi_smoke\exclusions.json,70,0.43174603,0.00715801,41.73368328,126.35194397,0.99985676,0.0,15,0.0
Type1_Vid1_random_random_roi_0019_frame_000004899_x1029_y988.png,C:\Users\colla\Documents\Research\Taka\FINAL\runs\random_roi_smoke\sampled_defaultish\selected_frames\Type1_Vid1_random_random_roi_0019_frame_000004899_x1029_y988.png,C:\Users\colla\Documents\Research\Taka\Videos\Type1_Vid1.mp4,4899,81.65,288,270,,random_roi_0019,1029,988,288,270,random,C:\Users\colla\Documents\Research\Taka\FINAL\runs\Type1_Vid1_roi.json,C:\Users\colla\Documents\Research\Taka\FINAL\runs\random_roi_smoke\exclusions.json,73,0.4531746,0.00792389,3.05377183,0.43783435,1.0,0.0,6,5.62568951
Type1_Vid1_random_random_roi_0020_frame_000004899_x1171_y1789.png,C:\Users\colla\Documents\Research\Taka\FINAL\runs\random_roi_smoke\sampled_defaultish\selected_frames\Type1_Vid1_random_random_roi_0020_frame_000004899_x1171_y1789.png,C:\Users\colla\Documents\Research\Taka\Videos\Type1_Vid1.mp4,4899,81.65,323,291,,random_roi_0020,1171,1789,323,291,random,C:\Users\colla\Documents\Research\Taka\FINAL\runs\Type1_Vid1_roi.json,C:\Users\colla\Documents\Research\Taka\FINAL\runs\random_roi_smoke\exclusions.json,75,0.56031746,0.00798513,3.72050009,0.75225759,1.0,0.0,4,6.40219593
Type1_Vid1_random_random_roi_0021_frame_000004899_x2705_y1778.png,C:\Users\colla\Documents\Research\Taka\FINAL\runs\random_roi_smoke\sampled_defaultish\selected_frames\Type1_Vid1_random_random_roi_0021_frame_000004899_x2705_y1778.png,C:\Users\colla\Documents\Research\Taka\Videos\Type1_Vid1.mp4,4899,81.65,304,274,,random_roi_0021,2705,1778,304,274,random,C:\Users\colla\Documents\Research\Taka\FINAL\runs\Type1_Vid1_roi.json,C:\Users\colla\Documents\Research\Taka\FINAL\runs\random_roi_smoke\exclusions.json,79,0.52777778,0.00791855,5.06067202,0.93065691,1.0,0.0,5,8.37094116
Type1_Vid1_random_random_roi_0022_frame_000004899_x2805_y1844.png,C:\Users\colla\Documents\Research\Taka\FINAL\runs\random_roi_smoke\sampled_defaultish\selected_frames\Type1_Vid1_random_random_roi_0022_frame_000004899_x2805_y1844.png,C:\Users\colla\Documents\Research\Taka\Videos\Type1_Vid1.mp4,4899,81.65,284,256,,random_roi_0022,2805,1844,284,256,random,C:\Users\colla\Documents\Research\Taka\FINAL\runs\Type1_Vid1_roi.json,C:\Users\colla\Documents\Research\Taka\FINAL\runs\random_roi_smoke\exclusions.json,80,0.7468254,0.00836098,4.66360106,1.21980309,1.0,0.0,10,13.6908474
Type1_Vid1_random_random_roi_0023_frame_000005451_x916_y1221.png,C:\Users\colla\Documents\Research\Taka\FINAL\runs\random_roi_smoke\sampled_defaultish\selected_frames\Type1_Vid1_random_random_roi_0023_frame_000005451_x916_y1221.png,C:\Users\colla\Documents\Research\Taka\Videos\Type1_Vid1.mp4,5451,90.85,319,287,,random_roi_0023,916,1221,319,287,random,C:\Users\colla\Documents\Research\Taka\FINAL\runs\Type1_Vid1_roi.json,C:\Users\colla\Documents\Research\Taka\FINAL\runs\random_roi_smoke\exclusions.json,82,0.66269841,0.00809172,10.8096279,49.9993782,0.99791378,0.0,13,0.0
Type1_Vid1_random_random_roi_0024_frame_000005810_x831_y511.png,C:\Users\colla\Documents\Research\Taka\FINAL\runs\random_roi_smoke\sampled_defaultish\selected_frames\Type1_Vid1_random_random_roi_0024_frame_000005810_x831_y511.png,C:\Users\colla\Documents\Research\Taka\Videos\Type1_Vid1.mp4,5810,96.833333,286,269,,random_roi_0024,831,511,286,269,random,C:\Users\colla\Documents\Research\Taka\FINAL\runs\Type1_Vid1_roi.json,C:\Users\colla\Documents\Research\Taka\FINAL\runs\random_roi_smoke\exclusions.json,89,0.49126984,0.00802162,2.20458734,0.33042502,1.0,0.0,12,6.2530179
