image_name,image_path,video_path,source_frame_index,source_time_seconds,width,height,roi_json,roi_id,roi_x,roi_y,roi_width,roi_height,cluster_id,distance_to_cluster_center,suggested_box_count,max_score
Type1_Vid1_roi_001_frame_0001860_suggested.png,C:\Users\colla\Documents\Research\Taka\FINAL\runs\Type1_Vid1_suggested_round2\selected_frames\Type1_Vid1_roi_001_frame_0001860_suggested.png,C:\Users\colla\Documents\Research\Taka\Videos\Type1_Vid1.mp4,1860,31.0,300,270,C:\Users\colla\Documents\Research\Taka\FINAL\runs\Type1_Vid1_roi.json,roi_001,790,1420,300,270,1,2.15464589,1,0.051549
Type1_Vid1_roi_001_frame_0001890_suggested.png,C:\Users\colla\Documents\Research\Taka\FINAL\runs\Type1_Vid1_suggested_round2\selected_frames\Type1_Vid1_roi_001_frame_0001890_suggested.png,C:\Users\colla\Documents\Research\Taka\Videos\Type1_Vid1.mp4,1890,31.5,300,270,C:\Users\colla\Documents\Research\Taka\FINAL\runs\Type1_Vid1_roi.json,roi_001,790,1420,300,270,2,8.43473786,3,0.348855
Type1_Vid1_roi_001_frame_0001920_suggested.png,C:\Users\colla\Documents\Research\Taka\FINAL\runs\Type1_Vid1_suggested_round2\selected_frames\Type1_Vid1_roi_001_frame_0001920_suggested.png,C:\Users\colla\Documents\Research\Taka\Videos\Type1_Vid1.mp4,1920,32.0,300,270,C:\Users\colla\Documents\Research\Taka\FINAL\runs\Type1_Vid1_roi.json,roi_001,790,1420,300,270,3,30.52439069,11,0.518096
Type1_Vid1_roi_001_frame_0001950_suggested.png,C:\Users\colla\Documents\Research\Taka\FINAL\runs\Type1_Vid1_suggested_round2\selected_frames\Type1_Vid1_roi_001_frame_0001950_suggested.png,C:\Users\colla\Documents\Research\Taka\Videos\Type1_Vid1.mp4,1950,32.5,300,270,C:\Users\colla\Documents\Research\Taka\FINAL\runs\Type1_Vid1_roi.json,roi_001,790,1420,300,270,4,10.83090723,4,0.576168
Type1_Vid1_roi_001_frame_0001980_suggested.png,C:\Users\colla\Documents\Research\Taka\FINAL\runs\Type1_Vid1_suggested_round2\selected_frames\Type1_Vid1_roi_001_frame_0001980_suggested.png,C:\Users\colla\Documents\Research\Taka\Videos\Type1_Vid1.mp4,1980,33.0,300,270,C:\Users\colla\Documents\Research\Taka\FINAL\runs\Type1_Vid1_roi.json,roi_001,790,1420,300,270,5,7.99772985,3,0.693541
Type1_Vid1_roi_001_frame_0002010_suggested.png,C:\Users\colla\Documents\Research\Taka\FINAL\runs\Type1_Vid1_suggested_round2\selected_frames\Type1_Vid1_roi_001_frame_0002010_suggested.png,C:\Users\colla\Documents\Research\Taka\Videos\Type1_Vid1.mp4,2010,33.5,300,270,C:\Users\colla\Documents\Research\Taka\FINAL\runs\Type1_Vid1_roi.json,roi_001,790,1420,300,270,6,8.33560346,3,0.730863
Type1_Vid1_roi_001_frame_0002040_suggested.png,C:\Users\colla\Documents\Research\Taka\FINAL\runs\Type1_Vid1_suggested_round2\selected_frames\Type1_Vid1_roi_001_frame_0002040_suggested.png,C:\Users\colla\Documents\Research\Taka\Videos\Type1_Vid1.mp4,2040,34.0,300,270,C:\Users\colla\Documents\Research\Taka\FINAL\runs\Type1_Vid1_roi.json,roi_001,790,1420,300,270,7,10.49254797,4,0.625
Type1_Vid1_roi_001_frame_0002070_suggested.png,C:\Users\colla\Documents\Research\Taka\FINAL\runs\Type1_Vid1_suggested_round2\selected_frames\Type1_Vid1_roi_001_frame_0002070_suggested.png,C:\Users\colla\Documents\Research\Taka\Videos\Type1_Vid1.mp4,2070,34.5,300,270,C:\Users\colla\Documents\Research\Taka\FINAL\runs\Type1_Vid1_roi.json,roi_001,790,1420,300,270,8,3.4020645,1,0.597935
Type1_Vid1_roi_001_frame_0002100_suggested.png,C:\Users\colla\Documents\Research\Taka\FINAL\runs\Type1_Vid1_suggested_round2\selected_frames\Type1_Vid1_roi_001_frame_0002100_suggested.png,C:\Users\colla\Documents\Research\Taka\Videos\Type1_Vid1.mp4,2100,35.0,300,270,C:\Users\colla\Documents\Research\Taka\FINAL\runs\Type1_Vid1_roi.json,roi_001,790,1420,300,270,9,6.09956706,2,0.430099
Type1_Vid1_roi_001_frame_0002130_suggested.png,C:\Users\colla\Documents\Research\Taka\FINAL\runs\Type1_Vid1_suggested_round2\selected_frames\Type1_Vid1_roi_001_frame_0002130_suggested.png,C:\Users\colla\Documents\Research\Taka\Videos\Type1_Vid1.mp4,2130,35.5,300,270,C:\Users\colla\Documents\Research\Taka\FINAL\runs\Type1_Vid1_roi.json,roi_001,790,1420,300,270,10,8.24875003,3,0.637253
Type1_Vid1_roi_001_frame_0002160_suggested.png,C:\Users\colla\Documents\Research\Taka\FINAL\runs\Type1_Vid1_suggested_round2\selected_frames\Type1_Vid1_roi_001_frame_0002160_suggested.png,C:\Users\colla\Documents\Research\Taka\Videos\Type1_Vid1.mp4,2160,36.0,300,270,C:\Users\colla\Documents\Research\Taka\FINAL\runs\Type1_Vid1_roi.json,roi_001,790,1420,300,270,11,5.94157258,2,0.545825
Type1_Vid1_roi_001_frame_0002190_suggested.png,C:\Users\colla\Documents\Research\Taka\FINAL\runs\Type1_Vid1_suggested_round2\selected_frames\Type1_Vid1_roi_001_frame_0002190_suggested.png,C:\Users\colla\Documents\Research\Taka\Videos\Type1_Vid1.mp4,2190,36.5,300,270,C:\Users\colla\Documents\Research\Taka\FINAL\runs\Type1_Vid1_roi.json,roi_001,790,1420,300,270,12,10.00384978,4,0.398202
Type1_Vid1_roi_001_frame_0002220_suggested.png,C:\Users\colla\Documents\Research\Taka\FINAL\runs\Type1_Vid1_suggested_round2\selected_frames\Type1_Vid1_roi_001_frame_0002220_suggested.png,C:\Users\colla\Documents\Research\Taka\Videos\Type1_Vid1.mp4,2220,37.0,300,270,C:\Users\colla\Documents\Research\Taka\FINAL\runs\Type1_Vid1_roi.json,roi_001,790,1420,300,270,13,2.18780783,1,0.062603
Type1_Vid1_roi_001_frame_0002250_suggested.png,C:\Users\colla\Documents\Research\Taka\FINAL\runs\Type1_Vid1_suggested_round2\selected_frames\Type1_Vid1_roi_001_frame_0002250_suggested.png,C:\Users\colla\Documents\Research\Taka\Videos\Type1_Vid1.mp4,2250,37.5,300,270,C:\Users\colla\Documents\Research\Taka\FINAL\runs\Type1_Vid1_roi.json,roi_001,790,1420,300,270,14,6.93904696,3,0.146611
Type1_Vid1_roi_001_frame_0002280_suggested.png,C:\Users\colla\Documents\Research\Taka\FINAL\runs\Type1_Vid1_suggested_round2\selected_frames\Type1_Vid1_roi_001_frame_0002280_suggested.png,C:\Users\colla\Documents\Research\Taka\Videos\Type1_Vid1.mp4,2280,38.0,300,270,C:\Users\colla\Documents\Research\Taka\FINAL\runs\Type1_Vid1_roi.json,roi_001,790,1420,300,270,15,10.74366178,4,0.525181
Type1_Vid1_roi_001_frame_0002310_suggested.png,C:\Users\colla\Documents\Research\Taka\FINAL\runs\Type1_Vid1_suggested_round2\selected_frames\Type1_Vid1_roi_001_frame_0002310_suggested.png,C:\Users\colla\Documents\Research\Taka\Videos\Type1_Vid1.mp4,2310,38.5,300,270,C:\Users\colla\Documents\Research\Taka\FINAL\runs\Type1_Vid1_roi.json,roi_001,790,1420,300,270,16,10.46671211,4,0.358097
Type1_Vid1_roi_001_frame_0002340_suggested.png,C:\Users\colla\Documents\Research\Taka\FINAL\runs\Type1_Vid1_suggested_round2\selected_frames\Type1_Vid1_roi_001_frame_0002340_suggested.png,C:\Users\colla\Documents\Research\Taka\Videos\Type1_Vid1.mp4,2340,39.0,300,270,C:\Users\colla\Documents\Research\Taka\FINAL\runs\Type1_Vid1_roi.json,roi_001,790,1420,300,270,17,2.22098423,1,0.073661
Type1_Vid1_roi_001_frame_0002370_suggested.png,C:\Users\colla\Documents\Research\Taka\FINAL\runs\Type1_Vid1_suggested_round2\selected_frames\Type1_Vid1_roi_001_frame_0002370_suggested.png,C:\Users\colla\Documents\Research\Taka\Videos\Type1_Vid1.mp4,2370,39.5,300,270,C:\Users\colla\Documents\Research\Taka\FINAL\runs\Type1_Vid1_roi.json,roi_001,790,1420,300,270,18,2.3001066,1,0.100036
Type1_Vid1_roi_001_frame_0002430_suggested.png,C:\Users\colla\Documents\Research\Taka\FINAL\runs\Type1_Vid1_suggested_round2\selected_frames\Type1_Vid1_roi_001_frame_0002430_suggested.png,C:\Users\colla\Documents\Research\Taka\Videos\Type1_Vid1.mp4,2430,40.5,300,270,C:\Users\colla\Documents\Research\Taka\FINAL\runs\Type1_Vid1_roi.json,roi_001,790,1420,300,270,19,24.59784483,10,0.452722
Type1_Vid1_roi_001_frame_0002460_suggested.png,C:\Users\colla\Documents\Research\Taka\FINAL\runs\Type1_Vid1_suggested_round2\selected_frames\Type1_Vid1_roi_001_frame_0002460_suggested.png,C:\Users\colla\Documents\Research\Taka\Videos\Type1_Vid1.mp4,2460,41.0,300,270,C:\Users\colla\Documents\Research\Taka\FINAL\runs\Type1_Vid1_roi.json,roi_001,790,1420,300,270,20,19.26621009,8,0.461244
Type1_Vid1_roi_001_frame_0002490_suggested.png,C:\Users\colla\Documents\Research\Taka\FINAL\runs\Type1_Vid1_suggested_round2\selected_frames\Type1_Vid1_roi_001_frame_0002490_suggested.png,C:\Users\colla\Documents\Research\Taka\Videos\Type1_Vid1.mp4,2490,41.5,300,270,C:\Users\colla\Documents\Research\Taka\FINAL\runs\Type1_Vid1_roi.json,roi_001,790,1420,300,270,21,12.11262009,5,0.437413
Type1_Vid1_roi_001_frame_0002520_suggested.png,C:\Users\colla\Documents\Research\Taka\FINAL\runs\Type1_Vid1_suggested_round2\selected_frames\Type1_Vid1_roi_001_frame_0002520_suggested.png,C:\Users\colla\Documents\Research\Taka\Videos\Type1_Vid1.mp4,2520,42.0,300,270,C:\Users\colla\Documents\Research\Taka\FINAL\runs\Type1_Vid1_roi.json,roi_001,790,1420,300,270,22,7.8269225,3,0.343806
Type1_Vid1_roi_001_frame_0002550_suggested.png,C:\Users\colla\Documents\Research\Taka\FINAL\runs\Type1_Vid1_suggested_round2\selected_frames\Type1_Vid1_roi_001_frame_0002550_suggested.png,C:\Users\colla\Documents\Research\Taka\Videos\Type1_Vid1.mp4,2550,42.5,300,270,C:\Users\colla\Documents\Research\Taka\FINAL\runs\Type1_Vid1_roi.json,roi_001,790,1420,300,270,23,7.61305369,3,0.398455
Type1_Vid1_roi_001_frame_0002580_suggested.png,C:\Users\colla\Documents\Research\Taka\FINAL\runs\Type1_Vid1_suggested_round2\selected_frames\Type1_Vid1_roi_001_frame_0002580_suggested.png,C:\Users\colla\Documents\Research\Taka\Videos\Type1_Vid1.mp4,2580,43.0,300,270,C:\Users\colla\Documents\Research\Taka\FINAL\runs\Type1_Vid1_roi.json,roi_001,790,1420,300,270,24,19.9949233,8,0.582208
Type1_Vid1_roi_001_frame_0002610_suggested.png,C:\Users\colla\Documents\Research\Taka\FINAL\runs\Type1_Vid1_suggested_round2\selected_frames\Type1_Vid1_roi_001_frame_0002610_suggested.png,C:\Users\colla\Documents\Research\Taka\Videos\Type1_Vid1.mp4,2610,43.5,300,270,C:\Users\colla\Documents\Research\Taka\FINAL\runs\Type1_Vid1_roi.json,roi_001,790,1420,300,270,25,2.57716753,1,0.192389
Type1_Vid1_roi_001_frame_0002640_suggested.png,C:\Users\colla\Documents\Research\Taka\FINAL\runs\Type1_Vid1_suggested_round2\selected_frames\Type1_Vid1_roi_001_frame_0002640_suggested.png,C:\Users\colla\Documents\Research\Taka\Videos\Type1_Vid1.mp4,2640,44.0,300,270,C:\Users\colla\Documents\Research\Taka\FINAL\runs\Type1_Vid1_roi.json,roi_001,790,1420,300,270,26,5.38397872,2,0.278448
Type1_Vid1_roi_001_frame_0002670_suggested.png,C:\Users\colla\Documents\Research\Taka\FINAL\runs\Type1_Vid1_suggested_round2\selected_frames\Type1_Vid1_roi_001_frame_0002670_suggested.png,C:\Users\colla\Documents\Research\Taka\Videos\Type1_Vid1.mp4,2670,44.5,300,270,C:\Users\colla\Documents\Research\Taka\FINAL\runs\Type1_Vid1_roi.json,roi_001,790,1420,300,270,27,5.85639347,2,0.445264
Type1_Vid1_roi_001_frame_0002730_suggested.png,C:\Users\colla\Documents\Research\Taka\FINAL\runs\Type1_Vid1_suggested_round2\selected_frames\Type1_Vid1_roi_001_frame_0002730_suggested.png,C:\Users\colla\Documents\Research\Taka\Videos\Type1_Vid1.mp4,2730,45.5,300,270,C:\Users\colla\Documents\Research\Taka\FINAL\runs\Type1_Vid1_roi.json,roi_001,790,1420,300,270,28,3.44607276,1,0.553927
Type1_Vid1_roi_001_frame_0002760_suggested.png,C:\Users\colla\Documents\Research\Taka\FINAL\runs\Type1_Vid1_suggested_round2\selected_frames\Type1_Vid1_roi_001_frame_0002760_suggested.png,C:\Users\colla\Documents\Research\Taka\Videos\Type1_Vid1.mp4,2760,46.0,300,270,C:\Users\colla\Documents\Research\Taka\FINAL\runs\Type1_Vid1_roi.json,roi_001,790,1420,300,270,29,13.57751226,5,0.594543
Type1_Vid1_roi_001_frame_0002790_suggested.png,C:\Users\colla\Documents\Research\Taka\FINAL\runs\Type1_Vid1_suggested_round2\selected_frames\Type1_Vid1_roi_001_frame_0002790_suggested.png,C:\Users\colla\Documents\Research\Taka\Videos\Type1_Vid1.mp4,2790,46.5,300,270,C:\Users\colla\Documents\Research\Taka\FINAL\runs\Type1_Vid1_roi.json,roi_001,790,1420,300,270,30,5.67309836,2,0.540997
Type1_Vid1_roi_001_frame_0002820_suggested.png,C:\Users\colla\Documents\Research\Taka\FINAL\runs\Type1_Vid1_suggested_round2\selected_frames\Type1_Vid1_roi_001_frame_0002820_suggested.png,C:\Users\colla\Documents\Research\Taka\Videos\Type1_Vid1.mp4,2820,47.0,300,270,C:\Users\colla\Documents\Research\Taka\FINAL\runs\Type1_Vid1_roi.json,roi_001,790,1420,300,270,31,3.3370533,1,0.662947
Type1_Vid1_roi_001_frame_0002850_suggested.png,C:\Users\colla\Documents\Research\Taka\FINAL\runs\Type1_Vid1_suggested_round2\selected_frames\Type1_Vid1_roi_001_frame_0002850_suggested.png,C:\Users\colla\Documents\Research\Taka\Videos\Type1_Vid1.mp4,2850,47.5,300,270,C:\Users\colla\Documents\Research\Taka\FINAL\runs\Type1_Vid1_roi.json,roi_001,790,1420,300,270,32,5.80058074,2,0.689252
Type1_Vid1_roi_001_frame_0002880_suggested.png,C:\Users\colla\Documents\Research\Taka\FINAL\runs\Type1_Vid1_suggested_round2\selected_frames\Type1_Vid1_roi_001_frame_0002880_suggested.png,C:\Users\colla\Documents\Research\Taka\Videos\Type1_Vid1.mp4,2880,48.0,300,270,C:\Users\colla\Documents\Research\Taka\FINAL\runs\Type1_Vid1_roi.json,roi_001,790,1420,300,270,33,5.58988954,2,0.690423
Type1_Vid1_roi_001_frame_0002910_suggested.png,C:\Users\colla\Documents\Research\Taka\FINAL\runs\Type1_Vid1_suggested_round2\selected_frames\Type1_Vid1_roi_001_frame_0002910_suggested.png,C:\Users\colla\Documents\Research\Taka\Videos\Type1_Vid1.mp4,2910,48.5,300,270,C:\Users\colla\Documents\Research\Taka\FINAL\runs\Type1_Vid1_roi.json,roi_001,790,1420,300,270,34,3.38127488,1,0.618725
Type1_Vid1_roi_001_frame_0002940_suggested.png,C:\Users\colla\Documents\Research\Taka\FINAL\runs\Type1_Vid1_suggested_round2\selected_frames\Type1_Vid1_roi_001_frame_0002940_suggested.png,C:\Users\colla\Documents\Research\Taka\Videos\Type1_Vid1.mp4,2940,49.0,300,270,C:\Users\colla\Documents\Research\Taka\FINAL\runs\Type1_Vid1_roi.json,roi_001,790,1420,300,270,35,3.21651804,1,0.405506
Type1_Vid1_roi_001_frame_0002970_suggested.png,C:\Users\colla\Documents\Research\Taka\FINAL\runs\Type1_Vid1_suggested_round2\selected_frames\Type1_Vid1_roi_001_frame_0002970_suggested.png,C:\Users\colla\Documents\Research\Taka\Videos\Type1_Vid1.mp4,2970,49.5,300,270,C:\Users\colla\Documents\Research\Taka\FINAL\runs\Type1_Vid1_roi.json,roi_001,790,1420,300,270,36,5.79151554,2,0.603354
Type1_Vid1_roi_001_frame_0003000_suggested.png,C:\Users\colla\Documents\Research\Taka\FINAL\runs\Type1_Vid1_suggested_round2\selected_frames\Type1_Vid1_roi_001_frame_0003000_suggested.png,C:\Users\colla\Documents\Research\Taka\Videos\Type1_Vid1.mp4,3000,50.0,300,270,C:\Users\colla\Documents\Research\Taka\FINAL\runs\Type1_Vid1_roi.json,roi_001,790,1420,300,270,37,5.60924667,2,0.554999
Type1_Vid1_roi_001_frame_0003030_suggested.png,C:\Users\colla\Documents\Research\Taka\FINAL\runs\Type1_Vid1_suggested_round2\selected_frames\Type1_Vid1_roi_001_frame_0003030_suggested.png,C:\Users\colla\Documents\Research\Taka\Videos\Type1_Vid1.mp4,3030,50.5,300,270,C:\Users\colla\Documents\Research\Taka\FINAL\runs\Type1_Vid1_roi.json,roi_001,790,1420,300,270,38,3.28537667,1,0.714623
Type1_Vid1_roi_001_frame_0003060_suggested.png,C:\Users\colla\Documents\Research\Taka\FINAL\runs\Type1_Vid1_suggested_round2\selected_frames\Type1_Vid1_roi_001_frame_0003060_suggested.png,C:\Users\colla\Documents\Research\Taka\Videos\Type1_Vid1.mp4,3060,51.0,300,270,C:\Users\colla\Documents\Research\Taka\FINAL\runs\Type1_Vid1_roi.json,roi_001,790,1420,300,270,39,12.4140811,5,0.544431
Type1_Vid1_roi_001_frame_0003090_suggested.png,C:\Users\colla\Documents\Research\Taka\FINAL\runs\Type1_Vid1_suggested_round2\selected_frames\Type1_Vid1_roi_001_frame_0003090_suggested.png,C:\Users\colla\Documents\Research\Taka\Videos\Type1_Vid1.mp4,3090,51.5,300,270,C:\Users\colla\Documents\Research\Taka\FINAL\runs\Type1_Vid1_roi.json,roi_001,790,1420,300,270,40,5.53156446,2,0.395421
Type1_Vid1_roi_001_frame_0003120_suggested.png,C:\Users\colla\Documents\Research\Taka\FINAL\runs\Type1_Vid1_suggested_round2\selected_frames\Type1_Vid1_roi_001_frame_0003120_suggested.png,C:\Users\colla\Documents\Research\Taka\Videos\Type1_Vid1.mp4,3120,52.0,300,270,C:\Users\colla\Documents\Research\Taka\FINAL\runs\Type1_Vid1_roi.json,roi_001,790,1420,300,270,41,10.26872867,4,0.671136
Type1_Vid1_roi_001_frame_0003150_suggested.png,C:\Users\colla\Documents\Research\Taka\FINAL\runs\Type1_Vid1_suggested_round2\selected_frames\Type1_Vid1_roi_001_frame_0003150_suggested.png,C:\Users\colla\Documents\Research\Taka\Videos\Type1_Vid1.mp4,3150,52.5,300,270,C:\Users\colla\Documents\Research\Taka\FINAL\runs\Type1_Vid1_roi.json,roi_001,790,1420,300,270,42,3.40833488,1,0.469445
Type1_Vid1_roi_001_frame_0003180_suggested.png,C:\Users\colla\Documents\Research\Taka\FINAL\runs\Type1_Vid1_suggested_round2\selected_frames\Type1_Vid1_roi_001_frame_0003180_suggested.png,C:\Users\colla\Documents\Research\Taka\Videos\Type1_Vid1.mp4,3180,53.0,300,270,C:\Users\colla\Documents\Research\Taka\FINAL\runs\Type1_Vid1_roi.json,roi_001,790,1420,300,270,43,9.47733857,3,0.629614
Type1_Vid1_roi_001_frame_0003210_suggested.png,C:\Users\colla\Documents\Research\Taka\FINAL\runs\Type1_Vid1_suggested_round2\selected_frames\Type1_Vid1_roi_001_frame_0003210_suggested.png,C:\Users\colla\Documents\Research\Taka\Videos\Type1_Vid1.mp4,3210,53.5,300,270,C:\Users\colla\Documents\Research\Taka\FINAL\runs\Type1_Vid1_roi.json,roi_001,790,1420,300,270,44,2.95274612,1,0.317582
Type1_Vid1_roi_001_frame_0003240_suggested.png,C:\Users\colla\Documents\Research\Taka\FINAL\runs\Type1_Vid1_suggested_round2\selected_frames\Type1_Vid1_roi_001_frame_0003240_suggested.png,C:\Users\colla\Documents\Research\Taka\Videos\Type1_Vid1.mp4,3240,54.0,300,270,C:\Users\colla\Documents\Research\Taka\FINAL\runs\Type1_Vid1_roi.json,roi_001,790,1420,300,270,45,5.68103213,2,0.501307
Type1_Vid1_roi_001_frame_0003270_suggested.png,C:\Users\colla\Documents\Research\Taka\FINAL\runs\Type1_Vid1_suggested_round2\selected_frames\Type1_Vid1_roi_001_frame_0003270_suggested.png,C:\Users\colla\Documents\Research\Taka\Videos\Type1_Vid1.mp4,3270,54.5,300,270,C:\Users\colla\Documents\Research\Taka\FINAL\runs\Type1_Vid1_roi.json,roi_001,790,1420,300,270,46,4.62044533,2,0.141405
Type1_Vid1_roi_001_frame_0003300_suggested.png,C:\Users\colla\Documents\Research\Taka\FINAL\runs\Type1_Vid1_suggested_round2\selected_frames\Type1_Vid1_roi_001_frame_0003300_suggested.png,C:\Users\colla\Documents\Research\Taka\Videos\Type1_Vid1.mp4,3300,55.0,300,270,C:\Users\colla\Documents\Research\Taka\FINAL\runs\Type1_Vid1_roi.json,roi_001,790,1420,300,270,47,4.76413424,2,0.187009
Type1_Vid1_roi_001_frame_0003330_suggested.png,C:\Users\colla\Documents\Research\Taka\FINAL\runs\Type1_Vid1_suggested_round2\selected_frames\Type1_Vid1_roi_001_frame_0003330_suggested.png,C:\Users\colla\Documents\Research\Taka\Videos\Type1_Vid1.mp4,3330,55.5,300,270,C:\Users\colla\Documents\Research\Taka\FINAL\runs\Type1_Vid1_roi.json,roi_001,790,1420,300,270,48,10.07836545,4,0.369752
Type1_Vid1_roi_001_frame_0003390_suggested.png,C:\Users\colla\Documents\Research\Taka\FINAL\runs\Type1_Vid1_suggested_round2\selected_frames\Type1_Vid1_roi_001_frame_0003390_suggested.png,C:\Users\colla\Documents\Research\Taka\Videos\Type1_Vid1.mp4,3390,56.5,300,270,C:\Users\colla\Documents\Research\Taka\FINAL\runs\Type1_Vid1_roi.json,roi_001,790,1420,300,270,49,10.24126488,3,0.638981
Type1_Vid1_roi_001_frame_0003420_suggested.png,C:\Users\colla\Documents\Research\Taka\FINAL\runs\Type1_Vid1_suggested_round2\selected_frames\Type1_Vid1_roi_001_frame_0003420_suggested.png,C:\Users\colla\Documents\Research\Taka\Videos\Type1_Vid1.mp4,3420,57.0,300,270,C:\Users\colla\Documents\Research\Taka\FINAL\runs\Type1_Vid1_roi.json,roi_001,790,1420,300,270,50,6.52723245,3,0.074107
Type1_Vid1_roi_001_frame_0003450_suggested.png,C:\Users\colla\Documents\Research\Taka\FINAL\runs\Type1_Vid1_suggested_round2\selected_frames\Type1_Vid1_roi_001_frame_0003450_suggested.png,C:\Users\colla\Documents\Research\Taka\Videos\Type1_Vid1.mp4,3450,57.5,300,270,C:\Users\colla\Documents\Research\Taka\FINAL\runs\Type1_Vid1_roi.json,roi_001,790,1420,300,270,51,2.37631862,1,0.12544
Type1_Vid1_roi_001_frame_0003480_suggested.png,C:\Users\colla\Documents\Research\Taka\FINAL\runs\Type1_Vid1_suggested_round2\selected_frames\Type1_Vid1_roi_001_frame_0003480_suggested.png,C:\Users\colla\Documents\Research\Taka\Videos\Type1_Vid1.mp4,3480,58.0,300,270,C:\Users\colla\Documents\Research\Taka\FINAL\runs\Type1_Vid1_roi.json,roi_001,790,1420,300,270,52,2.22587725,1,0.075292
Type1_Vid1_roi_001_frame_0003510_suggested.png,C:\Users\colla\Documents\Research\Taka\FINAL\runs\Type1_Vid1_suggested_round2\selected_frames\Type1_Vid1_roi_001_frame_0003510_suggested.png,C:\Users\colla\Documents\Research\Taka\Videos\Type1_Vid1.mp4,3510,58.5,300,270,C:\Users\colla\Documents\Research\Taka\FINAL\runs\Type1_Vid1_roi.json,roi_001,790,1420,300,270,53,2.1643334,1,0.054778
Type1_Vid1_roi_001_frame_0003660_suggested.png,C:\Users\colla\Documents\Research\Taka\FINAL\runs\Type1_Vid1_suggested_round2\selected_frames\Type1_Vid1_roi_001_frame_0003660_suggested.png,C:\Users\colla\Documents\Research\Taka\Videos\Type1_Vid1.mp4,3660,61.0,300,270,C:\Users\colla\Documents\Research\Taka\FINAL\runs\Type1_Vid1_roi.json,roi_001,790,1420,300,270,54,2.45528916,1,0.151763
Type1_Vid1_roi_001_frame_0003690_suggested.png,C:\Users\colla\Documents\Research\Taka\FINAL\runs\Type1_Vid1_suggested_round2\selected_frames\Type1_Vid1_roi_001_frame_0003690_suggested.png,C:\Users\colla\Documents\Research\Taka\Videos\Type1_Vid1.mp4,3690,61.5,300,270,C:\Users\colla\Documents\Research\Taka\FINAL\runs\Type1_Vid1_roi.json,roi_001,790,1420,300,270,55,2.4841989,1,0.1614
Type1_Vid1_roi_001_frame_0003720_suggested.png,C:\Users\colla\Documents\Research\Taka\FINAL\runs\Type1_Vid1_suggested_round2\selected_frames\Type1_Vid1_roi_001_frame_0003720_suggested.png,C:\Users\colla\Documents\Research\Taka\Videos\Type1_Vid1.mp4,3720,62.0,300,270,C:\Users\colla\Documents\Research\Taka\FINAL\runs\Type1_Vid1_roi.json,roi_001,790,1420,300,270,56,2.22717264,1,0.075724
Type1_Vid1_roi_001_frame_0003750_suggested.png,C:\Users\colla\Documents\Research\Taka\FINAL\runs\Type1_Vid1_suggested_round2\selected_frames\Type1_Vid1_roi_001_frame_0003750_suggested.png,C:\Users\colla\Documents\Research\Taka\Videos\Type1_Vid1.mp4,3750,62.5,300,270,C:\Users\colla\Documents\Research\Taka\FINAL\runs\Type1_Vid1_roi.json,roi_001,790,1420,300,270,57,7.30751063,3,0.31888
Type1_Vid1_roi_001_frame_0003780_suggested.png,C:\Users\colla\Documents\Research\Taka\FINAL\runs\Type1_Vid1_suggested_round2\selected_frames\Type1_Vid1_roi_001_frame_0003780_suggested.png,C:\Users\colla\Documents\Research\Taka\Videos\Type1_Vid1.mp4,3780,63.0,300,270,C:\Users\colla\Documents\Research\Taka\FINAL\runs\Type1_Vid1_roi.json,roi_001,790,1420,300,270,58,10.22252103,4,0.454227
Type1_Vid1_roi_001_frame_0003810_suggested.png,C:\Users\colla\Documents\Research\Taka\FINAL\runs\Type1_Vid1_suggested_round2\selected_frames\Type1_Vid1_roi_001_frame_0003810_suggested.png,C:\Users\colla\Documents\Research\Taka\Videos\Type1_Vid1.mp4,3810,63.5,300,270,C:\Users\colla\Documents\Research\Taka\FINAL\runs\Type1_Vid1_roi.json,roi_001,790,1420,300,270,59,8.64944572,3,0.474483
Type1_Vid1_roi_001_frame_0003840_suggested.png,C:\Users\colla\Documents\Research\Taka\FINAL\runs\Type1_Vid1_suggested_round2\selected_frames\Type1_Vid1_roi_001_frame_0003840_suggested.png,C:\Users\colla\Documents\Research\Taka\Videos\Type1_Vid1.mp4,3840,64.0,300,270,C:\Users\colla\Documents\Research\Taka\FINAL\runs\Type1_Vid1_roi.json,roi_001,790,1420,300,270,60,9.13641743,3,0.538085
Type1_Vid1_roi_001_frame_0003870_suggested.png,C:\Users\colla\Documents\Research\Taka\FINAL\runs\Type1_Vid1_suggested_round2\selected_frames\Type1_Vid1_roi_001_frame_0003870_suggested.png,C:\Users\colla\Documents\Research\Taka\Videos\Type1_Vid1.mp4,3870,64.5,300,270,C:\Users\colla\Documents\Research\Taka\FINAL\runs\Type1_Vid1_roi.json,roi_001,790,1420,300,270,61,9.41968766,3,0.63042
Type1_Vid1_roi_001_frame_0003900_suggested.png,C:\Users\colla\Documents\Research\Taka\FINAL\runs\Type1_Vid1_suggested_round2\selected_frames\Type1_Vid1_roi_001_frame_0003900_suggested.png,C:\Users\colla\Documents\Research\Taka\Videos\Type1_Vid1.mp4,3900,65.0,300,270,C:\Users\colla\Documents\Research\Taka\FINAL\runs\Type1_Vid1_roi.json,roi_001,790,1420,300,270,62,9.68778768,3,0.674984
Type1_Vid1_roi_001_frame_0003930_suggested.png,C:\Users\colla\Documents\Research\Taka\FINAL\runs\Type1_Vid1_suggested_round2\selected_frames\Type1_Vid1_roi_001_frame_0003930_suggested.png,C:\Users\colla\Documents\Research\Taka\Videos\Type1_Vid1.mp4,3930,65.5,300,270,C:\Users\colla\Documents\Research\Taka\FINAL\runs\Type1_Vid1_roi.json,roi_001,790,1420,300,270,63,9.53266841,3,0.649626
Type1_Vid1_roi_001_frame_0003960_suggested.png,C:\Users\colla\Documents\Research\Taka\FINAL\runs\Type1_Vid1_suggested_round2\selected_frames\Type1_Vid1_roi_001_frame_0003960_suggested.png,C:\Users\colla\Documents\Research\Taka\Videos\Type1_Vid1.mp4,3960,66.0,300,270,C:\Users\colla\Documents\Research\Taka\FINAL\runs\Type1_Vid1_roi.json,roi_001,790,1420,300,270,64,8.98487069,3,0.536895
Type1_Vid1_roi_001_frame_0003990_suggested.png,C:\Users\colla\Documents\Research\Taka\FINAL\runs\Type1_Vid1_suggested_round2\selected_frames\Type1_Vid1_roi_001_frame_0003990_suggested.png,C:\Users\colla\Documents\Research\Taka\Videos\Type1_Vid1.mp4,3990,66.5,300,270,C:\Users\colla\Documents\Research\Taka\FINAL\runs\Type1_Vid1_roi.json,roi_001,790,1420,300,270,65,5.0242535,2,0.21509
Type1_Vid1_roi_001_frame_0004020_suggested.png,C:\Users\colla\Documents\Research\Taka\FINAL\runs\Type1_Vid1_suggested_round2\selected_frames\Type1_Vid1_roi_001_frame_0004020_suggested.png,C:\Users\colla\Documents\Research\Taka\Videos\Type1_Vid1.mp4,4020,67.0,300,270,C:\Users\colla\Documents\Research\Taka\FINAL\runs\Type1_Vid1_roi.json,roi_001,790,1420,300,270,66,5.38221251,2,0.352635
Type1_Vid1_roi_001_frame_0004050_suggested.png,C:\Users\colla\Documents\Research\Taka\FINAL\runs\Type1_Vid1_suggested_round2\selected_frames\Type1_Vid1_roi_001_frame_0004050_suggested.png,C:\Users\colla\Documents\Research\Taka\Videos\Type1_Vid1.mp4,4050,67.5,300,270,C:\Users\colla\Documents\Research\Taka\FINAL\runs\Type1_Vid1_roi.json,roi_001,790,1420,300,270,67,7.31816909,3,0.252366
Type1_Vid1_roi_001_frame_0004080_suggested.png,C:\Users\colla\Documents\Research\Taka\FINAL\runs\Type1_Vid1_suggested_round2\selected_frames\Type1_Vid1_roi_001_frame_0004080_suggested.png,C:\Users\colla\Documents\Research\Taka\Videos\Type1_Vid1.mp4,4080,68.0,300,270,C:\Users\colla\Documents\Research\Taka\FINAL\runs\Type1_Vid1_roi.json,roi_001,790,1420,300,270,68,8.8510762,3,0.466108
Type1_Vid1_roi_001_frame_0004110_suggested.png,C:\Users\colla\Documents\Research\Taka\FINAL\runs\Type1_Vid1_suggested_round2\selected_frames\Type1_Vid1_roi_001_frame_0004110_suggested.png,C:\Users\colla\Documents\Research\Taka\Videos\Type1_Vid1.mp4,4110,68.5,300,270,C:\Users\colla\Documents\Research\Taka\FINAL\runs\Type1_Vid1_roi.json,roi_001,790,1420,300,270,69,7.61865816,3,0.250882
Type1_Vid1_roi_001_frame_0004140_suggested.png,C:\Users\colla\Documents\Research\Taka\FINAL\runs\Type1_Vid1_suggested_round2\selected_frames\Type1_Vid1_roi_001_frame_0004140_suggested.png,C:\Users\colla\Documents\Research\Taka\Videos\Type1_Vid1.mp4,4140,69.0,300,270,C:\Users\colla\Documents\Research\Taka\FINAL\runs\Type1_Vid1_roi.json,roi_001,790,1420,300,270,70,5.52340433,2,0.298331
Type1_Vid1_roi_001_frame_0004170_suggested.png,C:\Users\colla\Documents\Research\Taka\FINAL\runs\Type1_Vid1_suggested_round2\selected_frames\Type1_Vid1_roi_001_frame_0004170_suggested.png,C:\Users\colla\Documents\Research\Taka\Videos\Type1_Vid1.mp4,4170,69.5,300,270,C:\Users\colla\Documents\Research\Taka\FINAL\runs\Type1_Vid1_roi.json,roi_001,790,1420,300,270,71,5.94042037,2,0.471375
Type1_Vid1_roi_001_frame_0004200_suggested.png,C:\Users\colla\Documents\Research\Taka\FINAL\runs\Type1_Vid1_suggested_round2\selected_frames\Type1_Vid1_roi_001_frame_0004200_suggested.png,C:\Users\colla\Documents\Research\Taka\Videos\Type1_Vid1.mp4,4200,70.0,300,270,C:\Users\colla\Documents\Research\Taka\FINAL\runs\Type1_Vid1_roi.json,roi_001,790,1420,300,270,72,7.88219282,3,0.379736
Type1_Vid1_roi_001_frame_0004230_suggested.png,C:\Users\colla\Documents\Research\Taka\FINAL\runs\Type1_Vid1_suggested_round2\selected_frames\Type1_Vid1_roi_001_frame_0004230_suggested.png,C:\Users\colla\Documents\Research\Taka\Videos\Type1_Vid1.mp4,4230,70.5,300,270,C:\Users\colla\Documents\Research\Taka\FINAL\runs\Type1_Vid1_roi.json,roi_001,790,1420,300,270,73,9.00198038,3,0.607488
Type1_Vid1_roi_001_frame_0004260_suggested.png,C:\Users\colla\Documents\Research\Taka\FINAL\runs\Type1_Vid1_suggested_round2\selected_frames\Type1_Vid1_roi_001_frame_0004260_suggested.png,C:\Users\colla\Documents\Research\Taka\Videos\Type1_Vid1.mp4,4260,71.0,300,270,C:\Users\colla\Documents\Research\Taka\FINAL\runs\Type1_Vid1_roi.json,roi_001,790,1420,300,270,74,11.65018597,4,0.573096
Type1_Vid1_roi_001_frame_0004290_suggested.png,C:\Users\colla\Documents\Research\Taka\FINAL\runs\Type1_Vid1_suggested_round2\selected_frames\Type1_Vid1_roi_001_frame_0004290_suggested.png,C:\Users\colla\Documents\Research\Taka\Videos\Type1_Vid1.mp4,4290,71.5,300,270,C:\Users\colla\Documents\Research\Taka\FINAL\runs\Type1_Vid1_roi.json,roi_001,790,1420,300,270,75,11.41783122,4,0.640781
Type1_Vid1_roi_001_frame_0004320_suggested.png,C:\Users\colla\Documents\Research\Taka\FINAL\runs\Type1_Vid1_suggested_round2\selected_frames\Type1_Vid1_roi_001_frame_0004320_suggested.png,C:\Users\colla\Documents\Research\Taka\Videos\Type1_Vid1.mp4,4320,72.0,300,270,C:\Users\colla\Documents\Research\Taka\FINAL\runs\Type1_Vid1_roi.json,roi_001,790,1420,300,270,76,5.54848155,2,0.451383
Type1_Vid1_roi_001_frame_0004350_suggested.png,C:\Users\colla\Documents\Research\Taka\FINAL\runs\Type1_Vid1_suggested_round2\selected_frames\Type1_Vid1_roi_001_frame_0004350_suggested.png,C:\Users\colla\Documents\Research\Taka\Videos\Type1_Vid1.mp4,4350,72.5,300,270,C:\Users\colla\Documents\Research\Taka\FINAL\runs\Type1_Vid1_roi.json,roi_001,790,1420,300,270,77,2.81111878,1,0.270373
Type1_Vid1_roi_001_frame_0004380_suggested.png,C:\Users\colla\Documents\Research\Taka\FINAL\runs\Type1_Vid1_suggested_round2\selected_frames\Type1_Vid1_roi_001_frame_0004380_suggested.png,C:\Users\colla\Documents\Research\Taka\Videos\Type1_Vid1.mp4,4380,73.0,300,270,C:\Users\colla\Documents\Research\Taka\FINAL\runs\Type1_Vid1_roi.json,roi_001,790,1420,300,270,78,11.91981047,4,0.622111
Type1_Vid1_roi_001_frame_0004410_suggested.png,C:\Users\colla\Documents\Research\Taka\FINAL\runs\Type1_Vid1_suggested_round2\selected_frames\Type1_Vid1_roi_001_frame_0004410_suggested.png,C:\Users\colla\Documents\Research\Taka\Videos\Type1_Vid1.mp4,4410,73.5,300,270,C:\Users\colla\Documents\Research\Taka\FINAL\runs\Type1_Vid1_roi.json,roi_001,790,1420,300,270,79,17.91075294,6,0.653417
Type1_Vid1_roi_001_frame_0004440_suggested.png,C:\Users\colla\Documents\Research\Taka\FINAL\runs\Type1_Vid1_suggested_round2\selected_frames\Type1_Vid1_roi_001_frame_0004440_suggested.png,C:\Users\colla\Documents\Research\Taka\Videos\Type1_Vid1.mp4,4440,74.0,300,270,C:\Users\colla\Documents\Research\Taka\FINAL\runs\Type1_Vid1_roi.json,roi_001,790,1420,300,270,80,3.37876034,1,0.62124
Type1_Vid1_roi_001_frame_0004470_suggested.png,C:\Users\colla\Documents\Research\Taka\FINAL\runs\Type1_Vid1_suggested_round2\selected_frames\Type1_Vid1_roi_001_frame_0004470_suggested.png,C:\Users\colla\Documents\Research\Taka\Videos\Type1_Vid1.mp4,4470,74.5,300,270,C:\Users\colla\Documents\Research\Taka\FINAL\runs\Type1_Vid1_roi.json,roi_001,790,1420,300,270,81,11.79660389,4,0.658699
Type1_Vid1_roi_001_frame_0004500_suggested.png,C:\Users\colla\Documents\Research\Taka\FINAL\runs\Type1_Vid1_suggested_round2\selected_frames\Type1_Vid1_roi_001_frame_0004500_suggested.png,C:\Users\colla\Documents\Research\Taka\Videos\Type1_Vid1.mp4,4500,75.0,300,270,C:\Users\colla\Documents\Research\Taka\FINAL\runs\Type1_Vid1_roi.json,roi_001,790,1420,300,270,82,15.49613218,5,0.660266
Type1_Vid1_roi_001_frame_0004530_suggested.png,C:\Users\colla\Documents\Research\Taka\FINAL\runs\Type1_Vid1_suggested_round2\selected_frames\Type1_Vid1_roi_001_frame_0004530_suggested.png,C:\Users\colla\Documents\Research\Taka\Videos\Type1_Vid1.mp4,4530,75.5,300,270,C:\Users\colla\Documents\Research\Taka\FINAL\runs\Type1_Vid1_roi.json,roi_001,790,1420,300,270,83,18.15895534,6,0.695868
Type1_Vid1_roi_001_frame_0004560_suggested.png,C:\Users\colla\Documents\Research\Taka\FINAL\runs\Type1_Vid1_suggested_round2\selected_frames\Type1_Vid1_roi_001_frame_0004560_suggested.png,C:\Users\colla\Documents\Research\Taka\Videos\Type1_Vid1.mp4,4560,76.0,300,270,C:\Users\colla\Documents\Research\Taka\FINAL\runs\Type1_Vid1_roi.json,roi_001,790,1420,300,270,84,18.71085536,6,0.699247
Type1_Vid1_roi_001_frame_0004590_suggested.png,C:\Users\colla\Documents\Research\Taka\FINAL\runs\Type1_Vid1_suggested_round2\selected_frames\Type1_Vid1_roi_001_frame_0004590_suggested.png,C:\Users\colla\Documents\Research\Taka\Videos\Type1_Vid1.mp4,4590,76.5,300,270,C:\Users\colla\Documents\Research\Taka\FINAL\runs\Type1_Vid1_roi.json,roi_001,790,1420,300,270,85,15.60118581,5,0.706788
Type1_Vid1_roi_001_frame_0004620_suggested.png,C:\Users\colla\Documents\Research\Taka\FINAL\runs\Type1_Vid1_suggested_round2\selected_frames\Type1_Vid1_roi_001_frame_0004620_suggested.png,C:\Users\colla\Documents\Research\Taka\Videos\Type1_Vid1.mp4,4620,77.0,300,270,C:\Users\colla\Documents\Research\Taka\FINAL\runs\Type1_Vid1_roi.json,roi_001,790,1420,300,270,86,11.77603491,4,0.714776
Type1_Vid1_roi_001_frame_0004650_suggested.png,C:\Users\colla\Documents\Research\Taka\FINAL\runs\Type1_Vid1_suggested_round2\selected_frames\Type1_Vid1_roi_001_frame_0004650_suggested.png,C:\Users\colla\Documents\Research\Taka\Videos\Type1_Vid1.mp4,4650,77.5,300,270,C:\Users\colla\Documents\Research\Taka\FINAL\runs\Type1_Vid1_roi.json,roi_001,790,1420,300,270,87,11.77964264,4,0.687078
Type1_Vid1_roi_001_frame_0004680_suggested.png,C:\Users\colla\Documents\Research\Taka\FINAL\runs\Type1_Vid1_suggested_round2\selected_frames\Type1_Vid1_roi_001_frame_0004680_suggested.png,C:\Users\colla\Documents\Research\Taka\Videos\Type1_Vid1.mp4,4680,78.0,300,270,C:\Users\colla\Documents\Research\Taka\FINAL\runs\Type1_Vid1_roi.json,roi_001,790,1420,300,270,88,11.42626527,4,0.706618
Type1_Vid1_roi_001_frame_0004710_suggested.png,C:\Users\colla\Documents\Research\Taka\FINAL\runs\Type1_Vid1_suggested_round2\selected_frames\Type1_Vid1_roi_001_frame_0004710_suggested.png,C:\Users\colla\Documents\Research\Taka\Videos\Type1_Vid1.mp4,4710,78.5,300,270,C:\Users\colla\Documents\Research\Taka\FINAL\runs\Type1_Vid1_roi.json,roi_001,790,1420,300,270,89,3.35556811,1,0.644432
Type1_Vid1_roi_001_frame_0004740_suggested.png,C:\Users\colla\Documents\Research\Taka\FINAL\runs\Type1_Vid1_suggested_round2\selected_frames\Type1_Vid1_roi_001_frame_0004740_suggested.png,C:\Users\colla\Documents\Research\Taka\Videos\Type1_Vid1.mp4,4740,79.0,300,270,C:\Users\colla\Documents\Research\Taka\FINAL\runs\Type1_Vid1_roi.json,roi_001,790,1420,300,270,90,9.3211859,3,0.653463
Type1_Vid1_roi_001_frame_0004770_suggested.png,C:\Users\colla\Documents\Research\Taka\FINAL\runs\Type1_Vid1_suggested_round2\selected_frames\Type1_Vid1_roi_001_frame_0004770_suggested.png,C:\Users\colla\Documents\Research\Taka\Videos\Type1_Vid1.mp4,4770,79.5,300,270,C:\Users\colla\Documents\Research\Taka\FINAL\runs\Type1_Vid1_roi.json,roi_001,790,1420,300,270,91,9.81048995,3,0.594937
Type1_Vid1_roi_001_frame_0004800_suggested.png,C:\Users\colla\Documents\Research\Taka\FINAL\runs\Type1_Vid1_suggested_round2\selected_frames\Type1_Vid1_roi_001_frame_0004800_suggested.png,C:\Users\colla\Documents\Research\Taka\Videos\Type1_Vid1.mp4,4800,80.0,300,270,C:\Users\colla\Documents\Research\Taka\FINAL\runs\Type1_Vid1_roi.json,roi_001,790,1420,300,270,92,14.39235109,5,0.650579
Type1_Vid1_roi_001_frame_0004830_suggested.png,C:\Users\colla\Documents\Research\Taka\FINAL\runs\Type1_Vid1_suggested_round2\selected_frames\Type1_Vid1_roi_001_frame_0004830_suggested.png,C:\Users\colla\Documents\Research\Taka\Videos\Type1_Vid1.mp4,4830,80.5,300,270,C:\Users\colla\Documents\Research\Taka\FINAL\runs\Type1_Vid1_roi.json,roi_001,790,1420,300,270,93,9.69854435,3,0.621224
Type1_Vid1_roi_001_frame_0004860_suggested.png,C:\Users\colla\Documents\Research\Taka\FINAL\runs\Type1_Vid1_suggested_round2\selected_frames\Type1_Vid1_roi_001_frame_0004860_suggested.png,C:\Users\colla\Documents\Research\Taka\Videos\Type1_Vid1.mp4,4860,81.0,300,270,C:\Users\colla\Documents\Research\Taka\FINAL\runs\Type1_Vid1_roi.json,roi_001,790,1420,300,270,94,9.71060178,3,0.567826
Type1_Vid1_roi_001_frame_0004890_suggested.png,C:\Users\colla\Documents\Research\Taka\FINAL\runs\Type1_Vid1_suggested_round2\selected_frames\Type1_Vid1_roi_001_frame_0004890_suggested.png,C:\Users\colla\Documents\Research\Taka\Videos\Type1_Vid1.mp4,4890,81.5,300,270,C:\Users\colla\Documents\Research\Taka\FINAL\runs\Type1_Vid1_roi.json,roi_001,790,1420,300,270,95,6.14647835,2,0.390363
Type1_Vid1_roi_001_frame_0004920_suggested.png,C:\Users\colla\Documents\Research\Taka\FINAL\runs\Type1_Vid1_suggested_round2\selected_frames\Type1_Vid1_roi_001_frame_0004920_suggested.png,C:\Users\colla\Documents\Research\Taka\Videos\Type1_Vid1.mp4,4920,82.0,300,270,C:\Users\colla\Documents\Research\Taka\FINAL\runs\Type1_Vid1_roi.json,roi_001,790,1420,300,270,96,14.73346411,5,0.703209
Type1_Vid1_roi_001_frame_0004950_suggested.png,C:\Users\colla\Documents\Research\Taka\FINAL\runs\Type1_Vid1_suggested_round2\selected_frames\Type1_Vid1_roi_001_frame_0004950_suggested.png,C:\Users\colla\Documents\Research\Taka\Videos\Type1_Vid1.mp4,4950,82.5,300,270,C:\Users\colla\Documents\Research\Taka\FINAL\runs\Type1_Vid1_roi.json,roi_001,790,1420,300,270,97,17.16577324,6,0.694493
Type1_Vid1_roi_001_frame_0004980_suggested.png,C:\Users\colla\Documents\Research\Taka\FINAL\runs\Type1_Vid1_suggested_round2\selected_frames\Type1_Vid1_roi_001_frame_0004980_suggested.png,C:\Users\colla\Documents\Research\Taka\Videos\Type1_Vid1.mp4,4980,83.0,300,270,C:\Users\colla\Documents\Research\Taka\FINAL\runs\Type1_Vid1_roi.json,roi_001,790,1420,300,270,98,24.20689621,9,0.700433
Type1_Vid1_roi_001_frame_0005010_suggested.png,C:\Users\colla\Documents\Research\Taka\FINAL\runs\Type1_Vid1_suggested_round2\selected_frames\Type1_Vid1_roi_001_frame_0005010_suggested.png,C:\Users\colla\Documents\Research\Taka\Videos\Type1_Vid1.mp4,5010,83.5,300,270,C:\Users\colla\Documents\Research\Taka\FINAL\runs\Type1_Vid1_roi.json,roi_001,790,1420,300,270,99,18.36624444,7,0.5113
Type1_Vid1_roi_001_frame_0005040_suggested.png,C:\Users\colla\Documents\Research\Taka\FINAL\runs\Type1_Vid1_suggested_round2\selected_frames\Type1_Vid1_roi_001_frame_0005040_suggested.png,C:\Users\colla\Documents\Research\Taka\Videos\Type1_Vid1.mp4,5040,84.0,300,270,C:\Users\colla\Documents\Research\Taka\FINAL\runs\Type1_Vid1_roi.json,roi_001,790,1420,300,270,100,7.45736855,3,0.317593
Type1_Vid1_roi_001_frame_0005070_suggested.png,C:\Users\colla\Documents\Research\Taka\FINAL\runs\Type1_Vid1_suggested_round2\selected_frames\Type1_Vid1_roi_001_frame_0005070_suggested.png,C:\Users\colla\Documents\Research\Taka\Videos\Type1_Vid1.mp4,5070,84.5,300,270,C:\Users\colla\Documents\Research\Taka\FINAL\runs\Type1_Vid1_roi.json,roi_001,790,1420,300,270,101,5.96600865,2,0.550471
Type1_Vid1_roi_001_frame_0005100_suggested.png,C:\Users\colla\Documents\Research\Taka\FINAL\runs\Type1_Vid1_suggested_round2\selected_frames\Type1_Vid1_roi_001_frame_0005100_suggested.png,C:\Users\colla\Documents\Research\Taka\Videos\Type1_Vid1.mp4,5100,85.0,300,270,C:\Users\colla\Documents\Research\Taka\FINAL\runs\Type1_Vid1_roi.json,roi_001,790,1420,300,270,102,2.90715626,1,0.302385
Type1_Vid1_roi_001_frame_0005160_suggested.png,C:\Users\colla\Documents\Research\Taka\FINAL\runs\Type1_Vid1_suggested_round2\selected_frames\Type1_Vid1_roi_001_frame_0005160_suggested.png,C:\Users\colla\Documents\Research\Taka\Videos\Type1_Vid1.mp4,5160,86.0,300,270,C:\Users\colla\Documents\Research\Taka\FINAL\runs\Type1_Vid1_roi.json,roi_001,790,1420,300,270,103,10.18803972,3,0.639113
Type1_Vid1_roi_001_frame_0005190_suggested.png,C:\Users\colla\Documents\Research\Taka\FINAL\runs\Type1_Vid1_suggested_round2\selected_frames\Type1_Vid1_roi_001_frame_0005190_suggested.png,C:\Users\colla\Documents\Research\Taka\Videos\Type1_Vid1.mp4,5190,86.5,300,270,C:\Users\colla\Documents\Research\Taka\FINAL\runs\Type1_Vid1_roi.json,roi_001,790,1420,300,270,104,11.38979366,4,0.419954
Type1_Vid1_roi_001_frame_0005220_suggested.png,C:\Users\colla\Documents\Research\Taka\FINAL\runs\Type1_Vid1_suggested_round2\selected_frames\Type1_Vid1_roi_001_frame_0005220_suggested.png,C:\Users\colla\Documents\Research\Taka\Videos\Type1_Vid1.mp4,5220,87.0,300,270,C:\Users\colla\Documents\Research\Taka\FINAL\runs\Type1_Vid1_roi.json,roi_001,790,1420,300,270,105,5.70022397,2,0.618701
Type1_Vid1_roi_001_frame_0005250_suggested.png,C:\Users\colla\Documents\Research\Taka\FINAL\runs\Type1_Vid1_suggested_round2\selected_frames\Type1_Vid1_roi_001_frame_0005250_suggested.png,C:\Users\colla\Documents\Research\Taka\Videos\Type1_Vid1.mp4,5250,87.5,300,270,C:\Users\colla\Documents\Research\Taka\FINAL\runs\Type1_Vid1_roi.json,roi_001,790,1420,300,270,106,11.28634292,5,0.117053
Type1_Vid1_roi_001_frame_0005280_suggested.png,C:\Users\colla\Documents\Research\Taka\FINAL\runs\Type1_Vid1_suggested_round2\selected_frames\Type1_Vid1_roi_001_frame_0005280_suggested.png,C:\Users\colla\Documents\Research\Taka\Videos\Type1_Vid1.mp4,5280,88.0,300,270,C:\Users\colla\Documents\Research\Taka\FINAL\runs\Type1_Vid1_roi.json,roi_001,790,1420,300,270,107,5.12898469,2,0.250662
Type1_Vid1_roi_001_frame_0005310_suggested.png,C:\Users\colla\Documents\Research\Taka\FINAL\runs\Type1_Vid1_suggested_round2\selected_frames\Type1_Vid1_roi_001_frame_0005310_suggested.png,C:\Users\colla\Documents\Research\Taka\Videos\Type1_Vid1.mp4,5310,88.5,300,270,C:\Users\colla\Documents\Research\Taka\FINAL\runs\Type1_Vid1_roi.json,roi_001,790,1420,300,270,108,5.52150626,2,0.420383
Type1_Vid1_roi_001_frame_0005340_suggested.png,C:\Users\colla\Documents\Research\Taka\FINAL\runs\Type1_Vid1_suggested_round2\selected_frames\Type1_Vid1_roi_001_frame_0005340_suggested.png,C:\Users\colla\Documents\Research\Taka\Videos\Type1_Vid1.mp4,5340,89.0,300,270,C:\Users\colla\Documents\Research\Taka\FINAL\runs\Type1_Vid1_roi.json,roi_001,790,1420,300,270,109,8.75747965,3,0.528913
Type1_Vid1_roi_001_frame_0005370_suggested.png,C:\Users\colla\Documents\Research\Taka\FINAL\runs\Type1_Vid1_suggested_round2\selected_frames\Type1_Vid1_roi_001_frame_0005370_suggested.png,C:\Users\colla\Documents\Research\Taka\Videos\Type1_Vid1.mp4,5370,89.5,300,270,C:\Users\colla\Documents\Research\Taka\FINAL\runs\Type1_Vid1_roi.json,roi_001,790,1420,300,270,110,6.50395846,2,0.58222
Type1_Vid1_roi_001_frame_0005400_suggested.png,C:\Users\colla\Documents\Research\Taka\FINAL\runs\Type1_Vid1_suggested_round2\selected_frames\Type1_Vid1_roi_001_frame_0005400_suggested.png,C:\Users\colla\Documents\Research\Taka\Videos\Type1_Vid1.mp4,5400,90.0,300,270,C:\Users\colla\Documents\Research\Taka\FINAL\runs\Type1_Vid1_roi.json,roi_001,790,1420,300,270,111,5.886969,2,0.399333
Type1_Vid1_roi_001_frame_0005430_suggested.png,C:\Users\colla\Documents\Research\Taka\FINAL\runs\Type1_Vid1_suggested_round2\selected_frames\Type1_Vid1_roi_001_frame_0005430_suggested.png,C:\Users\colla\Documents\Research\Taka\Videos\Type1_Vid1.mp4,5430,90.5,300,270,C:\Users\colla\Documents\Research\Taka\FINAL\runs\Type1_Vid1_roi.json,roi_001,790,1420,300,270,112,3.02466044,1,0.341553
Type1_Vid1_roi_001_frame_0005460_suggested.png,C:\Users\colla\Documents\Research\Taka\FINAL\runs\Type1_Vid1_suggested_round2\selected_frames\Type1_Vid1_roi_001_frame_0005460_suggested.png,C:\Users\colla\Documents\Research\Taka\Videos\Type1_Vid1.mp4,5460,91.0,300,270,C:\Users\colla\Documents\Research\Taka\FINAL\runs\Type1_Vid1_roi.json,roi_001,790,1420,300,270,113,3.45855156,1,0.486184
Type1_Vid1_roi_002_frame_0005460_suggested.png,C:\Users\colla\Documents\Research\Taka\FINAL\runs\Type1_Vid1_suggested_round2\selected_frames\Type1_Vid1_roi_002_frame_0005460_suggested.png,C:\Users\colla\Documents\Research\Taka\Videos\Type1_Vid1.mp4,5460,91.0,282,265,C:\Users\colla\Documents\Research\Taka\FINAL\runs\Type1_Vid1_roi.json,roi_002,2528,1379,282,265,114,2.23737286,1,0.079124
Type1_Vid1_roi_001_frame_0005490_suggested.png,C:\Users\colla\Documents\Research\Taka\FINAL\runs\Type1_Vid1_suggested_round2\selected_frames\Type1_Vid1_roi_001_frame_0005490_suggested.png,C:\Users\colla\Documents\Research\Taka\Videos\Type1_Vid1.mp4,5490,91.5,300,270,C:\Users\colla\Documents\Research\Taka\FINAL\runs\Type1_Vid1_roi.json,roi_001,790,1420,300,270,115,7.85097747,3,0.47689
Type1_Vid1_roi_001_frame_0005520_suggested.png,C:\Users\colla\Documents\Research\Taka\FINAL\runs\Type1_Vid1_suggested_round2\selected_frames\Type1_Vid1_roi_001_frame_0005520_suggested.png,C:\Users\colla\Documents\Research\Taka\Videos\Type1_Vid1.mp4,5520,92.0,300,270,C:\Users\colla\Documents\Research\Taka\FINAL\runs\Type1_Vid1_roi.json,roi_001,790,1420,300,270,116,2.53006293,1,0.176688
Type1_Vid1_roi_001_frame_0005550_suggested.png,C:\Users\colla\Documents\Research\Taka\FINAL\runs\Type1_Vid1_suggested_round2\selected_frames\Type1_Vid1_roi_001_frame_0005550_suggested.png,C:\Users\colla\Documents\Research\Taka\Videos\Type1_Vid1.mp4,5550,92.5,300,270,C:\Users\colla\Documents\Research\Taka\FINAL\runs\Type1_Vid1_roi.json,roi_001,790,1420,300,270,117,6.10873961,2,0.584989
Type1_Vid1_roi_001_frame_0005580_suggested.png,C:\Users\colla\Documents\Research\Taka\FINAL\runs\Type1_Vid1_suggested_round2\selected_frames\Type1_Vid1_roi_001_frame_0005580_suggested.png,C:\Users\colla\Documents\Research\Taka\Videos\Type1_Vid1.mp4,5580,93.0,300,270,C:\Users\colla\Documents\Research\Taka\FINAL\runs\Type1_Vid1_roi.json,roi_001,790,1420,300,270,118,2.16393086,1,0.054644
Type1_Vid1_roi_001_frame_0005610_suggested.png,C:\Users\colla\Documents\Research\Taka\FINAL\runs\Type1_Vid1_suggested_round2\selected_frames\Type1_Vid1_roi_001_frame_0005610_suggested.png,C:\Users\colla\Documents\Research\Taka\Videos\Type1_Vid1.mp4,5610,93.5,300,270,C:\Users\colla\Documents\Research\Taka\FINAL\runs\Type1_Vid1_roi.json,roi_001,790,1420,300,270,119,2.59816238,1,0.199387
Type1_Vid1_roi_001_frame_0005640_suggested.png,C:\Users\colla\Documents\Research\Taka\FINAL\runs\Type1_Vid1_suggested_round2\selected_frames\Type1_Vid1_roi_001_frame_0005640_suggested.png,C:\Users\colla\Documents\Research\Taka\Videos\Type1_Vid1.mp4,5640,94.0,300,270,C:\Users\colla\Documents\Research\Taka\FINAL\runs\Type1_Vid1_roi.json,roi_001,790,1420,300,270,120,3.18605423,1,0.395351
Type1_Vid1_roi_001_frame_0005670_suggested.png,C:\Users\colla\Documents\Research\Taka\FINAL\runs\Type1_Vid1_suggested_round2\selected_frames\Type1_Vid1_roi_001_frame_0005670_suggested.png,C:\Users\colla\Documents\Research\Taka\Videos\Type1_Vid1.mp4,5670,94.5,300,270,C:\Users\colla\Documents\Research\Taka\FINAL\runs\Type1_Vid1_roi.json,roi_001,790,1420,300,270,121,7.73234015,3,0.42897
Type1_Vid1_roi_001_frame_0005700_suggested.png,C:\Users\colla\Documents\Research\Taka\FINAL\runs\Type1_Vid1_suggested_round2\selected_frames\Type1_Vid1_roi_001_frame_0005700_suggested.png,C:\Users\colla\Documents\Research\Taka\Videos\Type1_Vid1.mp4,5700,95.0,300,270,C:\Users\colla\Documents\Research\Taka\FINAL\runs\Type1_Vid1_roi.json,roi_001,790,1420,300,270,122,5.50475068,2,0.441935
Type1_Vid1_roi_001_frame_0006030_suggested.png,C:\Users\colla\Documents\Research\Taka\FINAL\runs\Type1_Vid1_suggested_round2\selected_frames\Type1_Vid1_roi_001_frame_0006030_suggested.png,C:\Users\colla\Documents\Research\Taka\Videos\Type1_Vid1.mp4,6030,100.5,300,270,C:\Users\colla\Documents\Research\Taka\FINAL\runs\Type1_Vid1_roi.json,roi_001,790,1420,300,270,123,12.43449813,5,0.485823
Type1_Vid1_roi_001_frame_0006060_suggested.png,C:\Users\colla\Documents\Research\Taka\FINAL\runs\Type1_Vid1_suggested_round2\selected_frames\Type1_Vid1_roi_001_frame_0006060_suggested.png,C:\Users\colla\Documents\Research\Taka\Videos\Type1_Vid1.mp4,6060,101.0,300,270,C:\Users\colla\Documents\Research\Taka\FINAL\runs\Type1_Vid1_roi.json,roi_001,790,1420,300,270,124,6.9834673,3,0.146119
Type1_Vid1_roi_001_frame_0006090_suggested.png,C:\Users\colla\Documents\Research\Taka\FINAL\runs\Type1_Vid1_suggested_round2\selected_frames\Type1_Vid1_roi_001_frame_0006090_suggested.png,C:\Users\colla\Documents\Research\Taka\Videos\Type1_Vid1.mp4,6090,101.5,300,270,C:\Users\colla\Documents\Research\Taka\FINAL\runs\Type1_Vid1_roi.json,roi_001,790,1420,300,270,125,10.16522593,4,0.29003
