frame_index,time_seconds,roi_id,center_x,center_y,x1,y1,x2,y2,score
4860,81.0,roi_001,903.0715,1555.1758,894.0488,1549.3027,912.0943,1561.0488,0.711982
4861,81.016667,roi_001,903.0715,1555.1758,894.0488,1549.302,912.0943,1561.0496,0.711932
4862,81.033333,roi_001,903.1595,1555.1758,894.0757,1549.2424,912.2432,1561.1091,0.721547
4863,81.05,roi_001,903.2474,1555.0879,894.3746,1549.441,912.1202,1560.7347,0.67822
4864,81.066667,roi_001,903.3353,1555.0879,894.4511,1549.4374,912.2195,1560.7384,0.680613
4865,81.083333,roi_001,903.0715,1555.1758,894.1084,1549.3822,912.0347,1560.9694,0.717408
4866,81.1,roi_001,903.2474,1555.1758,894.3458,1549.5212,912.1489,1560.8303,0.678966
4867,81.116667,roi_001,903.1595,1555.1758,894.1433,1549.47,912.1756,1560.8816,0.719581
4868,81.133333,roi_001,903.1594,1555.1758,894.0969,1549.4539,912.2219,1560.8977,0.717853
4869,81.15,roi_001,903.2474,1555.0879,894.3627,1549.5699,912.1321,1560.6058,0.647464
4870,81.166667,roi_001,903.0715,1553.7695,893.3426,1544.8353,912.8004,1562.7037,0.63861
4871,81.183333,roi_001,903.0715,1553.8574,893.5044,1545.2118,912.6386,1562.5031,0.650245
4872,81.2,roi_001,903.2474,1553.5938,893.1878,1544.4523,913.3069,1562.7352,0.580293
4873,81.216667,roi_001,903.3353,1553.5938,893.2653,1544.3834,913.4053,1562.8042,0.571333
4874,81.233333,roi_001,903.2474,1553.5938,893.2172,1544.4114,913.2775,1562.7761,0.568745
4875,81.25,roi_001,903.3353,1553.3301,892.983,1543.9331,913.6875,1562.7271,0.584182
4876,81.266667,roi_001,903.3353,1553.418,892.9397,1543.9261,913.7309,1562.9099,0.590602
4877,81.283333,roi_001,903.4232,1553.418,893.1443,1544.0314,913.7021,1562.8046,0.580501
4878,81.3,roi_001,903.4232,1553.3301,893.1425,1544.0095,913.704,1562.6506,0.591487
4879,81.316667,roi_001,903.4232,1553.3301,893.2904,1544.0927,913.556,1562.5675,0.583856
4880,81.333333,roi_001,903.4232,1553.418,893.1044,1543.9031,913.742,1562.9329,0.588091
4881,81.35,roi_001,903.2473,1553.5938,893.011,1544.1346,913.4836,1563.0529,0.645288
4882,81.366667,roi_001,903.5111,1553.3301,893.3901,1543.8683,913.6322,1562.7919,0.60903
4883,81.383333,roi_001,902.8077,1553.6817,892.9087,1544.7281,912.7068,1562.6353,0.625381
4884,81.4,roi_001,902.8957,1553.7695,892.7969,1544.6531,912.9944,1562.886,0.641142
4885,81.416667,roi_001,902.8957,1553.7695,892.795,1544.6531,912.9963,1562.886,0.640917
4886,81.433333,roi_001,902.8957,1553.9453,893.031,1545.1543,912.7603,1562.7363,0.636805
4887,81.45,roi_001,902.7198,1554.209,893.0034,1545.1617,912.4363,1563.2562,0.65484
4888,81.466667,roi_001,903.1594,1555.2637,894.3892,1549.5594,911.9297,1560.9679,0.655281
4889,81.483333,roi_001,903.1595,1555.3516,894.3226,1549.7382,911.9963,1560.965,0.661868
